,SMILES,STABILITY_SCORE,CHEMBL_ID
5,COC[C@H]1C[C@H](CN(Cc2nc(oc2C)-c2ccccc2)C1)C(=O)NCc1cccc(C)n1,0.2,CHEMBL1780098
23,CC(C)(C)C(=O)OCOP(=O)(COCCn1cnc2c(N)ncnc12)OCOC(=O)C(C)(C)C,0.8,CHEMBL922
42,CC(C)CCN1N=C(c2cccs2)C(O)=C(C2=NS(=O)(=O)c3ccccc3N2)C1=O,0.2,CHEMBL402743
49,Cc1cc(n[nH]1)-c1ccc(Cl)c(c1)C(=O)NCC1(O)CCCCCC1,1.3,CHEMBL560241
55,COC(=O)N[C@@H](C(C)C)C(=O)N1CCC[C@H]1c1ncc([nH]1)-c1ccc(cc1)-c1ccc(cc1)-c1cnc([nH]1)[C@@H]1CCCN1C(=O)[C@@H](NC(=O)OC)C(C)C,0.9,CHEMBL2023898
56,NS(=O)(=O)NCc1csc2ccccc12,1.7,CHEMBL466517
86,COc1cccc2c(cn(CC3CCCCC3)c12)C(=O)N1CCN2CCC[C@@H]2C1,0.1,CHEMBL1288083
90,N[C@@H](CC(=O)N1CCC[C@H]1CNC(=O)C1CC1)Cc1cc(F)c(F)cc1F,2.0,CHEMBL563648
92,CC(C)CCN1C2CCCC2C(O)=C(C1=O)C1=NS(=O)(=O)c2cc(NS(C)(=O)=O)ccc2N1,0.2,CHEMBL514229
94,C[C@@H]1CN(CCN1S(=O)(=O)c1ccc(cc1Cl)C(N)=O)c1ccc(F)cc1C(F)(F)F,0.5,CHEMBL550175
110,Cc1nc2ccc(-c3ccccc3Cl)c(CN)c2n1C,3.3,CHEMBL257636
117,CC(C)(C)CCN1[C@H](C(O)=C(C1=O)C1=NS(=O)(=O)c2c1cccc2CCS(C)(=O)=O)C(C)(C)C,1.0,CHEMBL487446
137,Cc1ccsc1-c1ccc(F)nc1,1.4,CHEMBL179621
142,CC(N)C1(CCCCC1)c1ccc2ccccc2c1,2.3,CHEMBL1684050
143,Cn1c(c(C2CCCC2)c2ccc(cc12)C(=O)NC1(CCC1)C(=O)Nc1ccc(\C=C\C(O)=O)cc1)-c1cnccn1,1.6,CHEMBL2181643
146,OCCNc1nnc(o1)-c1ccc(F)c(F)c1Nc1ccc(I)cc1F,0.7,CHEMBL521516
158,COC(=O)c1ccc2OCC(Cc2c1)C(=O)Nc1ccc(cc1)-c1cn[nH]c1,0.3,CHEMBL481684
168,CN(C1CCCCCC1)c1ncnc2[nH]ccc12,0.2,CHEMBL1630764
183,COc1cccc(CN(CCCN2CCCC2)C(=O)Nc2ccc(cc2)-c2cn[nH]c2)c1,1.0,CHEMBL2332070
200,CCC(CC)[C@@H](CO)NS(=O)(=O)c1ccc(Cl)s1,0.1,CHEMBL480558
263,Cn1c(c(C2CCCCC2)c2ccc(cc12)C(=O)NC(C)(C)C(=O)Nc1ccc(\C=C\C(O)=O)cc1)-c1cnccn1,0.5,CHEMBL1778758
279,COc1cc(ccc1-c1csc2ccccc12)C(=O)N1C[C@]2(C)C[C@H]1CC(C)(C)C2,0.0,CHEMBL1083703
291,Cc1noc(n1)-c1ccc2n(CCCSc3ccc(F)c(F)c3)c3CCCCc3c2c1,0.5,CHEMBL2179511
295,CCc1nc2ccc(Cl)cn2c1C(=O)NCc1ccc(cc1)-c1ccc(cc1)C#N,2.0,CHEMBL3298335
301,OC(=O)c1c(O)c(Cc2ccc(Cl)cc2)nc2c3CCCCc3ccc12,1.0,CHEMBL219046
322,Cc1noc(n1)-c1ccc2n(CCCOc3cc(F)cc(F)c3)c3CCCCc3c2c1,0.9,CHEMBL2179508
329,CS(=O)(=O)Nc1ccc2NC(=NS(=O)(=O)c2c1)C1=C(O)C2CCCCC2N(Cc2ccc(F)cc2)C1=O,1.0,CHEMBL477068
333,COc1ccc2N(CCCc2c1)c1nc(C)nc2ccccc12,0.4,CHEMBL2420866
334,CN1N=C(c2ccc(OCCCN3CCCCC3)cc2)c2ccccc2C1=O,0.7,CHEMBL1835706
338,CC(C)N1C(=O)C(=O)N=C1\N=C(/NCCCN(C)C)Nc1ccc(Cl)c(Cl)c1,1.0,CHEMBL1673024
341,C[C@H](O)CN1CCC(CC1)c1ccc(Nc2ncc3ccc(-c4cccc(c4)S(=O)(=O)NC(C)(C)C)n3n2)cc1,0.3,CHEMBL1921819
345,CCNCC1(CCCCC1)c1ccc(Cl)c(Cl)c1,2.0,CHEMBL1683872
346,COCCNS(=O)(=O)c1ccc(cc1)C(CC1CCCC1)C(=O)Nc1nc2ccc(OC)nc2s1,0.3,CHEMBL574131
359,CNCC1(CCCCC1)c1ccc(F)c(Cl)c1,5.0,CHEMBL1683890
366,C[C@@H]1[C@@H]2NC[C@@H](C)C[C@H]2O[C@]11CC[C@H]2[C@@H]3CC[C@@H]4Cc5nn(C)cc5C[C@]4(C)[C@H]3CC2=C(C)C1,0.6,CHEMBL554066
402,C[C@@H]1[C@@H](O)C(C)(C)Nc2c(F)cc(c(Cl)c12)-c1cccc2cc[nH]c12,0.3,CHEMBL1682436
404,CN1CCc2cc(ccc2C1)-c1ccc2oc3c(N(CCN4CCC(F)(F)C4)C(=O)N=C3c3ccccc3)c2c1,0.3,CHEMBL2376390
415,COc1ccc2N(CCCc2c1)c1nc(Cl)nc2ccccc12,0.2,CHEMBL2420867
421,CN(C)CCOc1cc(ccc1NC(=O)[C@@H]1Cc2cc(Cl)ccc2CN1)-c1cn[nH]c1,0.3,CHEMBL1215170
422,COc1ccc(cc1)C(Nc1ccccn1)c1ccc2ccc(C)nc2c1O,0.3,CHEMBL3112910
423,Clc1cc2C(=O)NC=Cc2cc1NC(=O)[C@@H]1CCCN1,0.3,CHEMBL1222483
456,C[C@H](CCC(=O)NCCN(C)C)[C@H]1CC[C@H]2[C@@H]3[C@@H](C[C@@H]4CC5(CC[C@]4(C)[C@H]3C[C@H](OC(C)=O)[C@]12C)OOC1(CCC(C)CC1)OO5)OC(C)=O,0.7,CHEMBL410156
462,CCc1nc(N)nc(N)c1-c1ccc2OC(C)(C(=O)N(CCCOC(F)(F)F)c2c1)c1cc(F)cc(F)c1,0.5,CHEMBL241241
465,CN(Cc1cccc2C(=NS(=O)(=O)c12)C1=C(O)C2(CC2)N(Cc2ccc(F)c(Cl)c2)C1=O)S(C)(=O)=O,1.0,CHEMBL488666
482,CS(=O)(=O)c1ccc(CNC(=O)c2ccc(OCCC(F)(F)F)nc2)cc1,2.6,CHEMBL566658
502,CC(C)N1C(\N=C(\NC(=O)C(C)C)Nc2ccc(Cl)c(Cl)c2)=NC(=O)C1=O,1.0,CHEMBL241620
503,C[C@@H]1CCN(C[C@@H]1N(C)c1ncnc2[nH]ccc12)S(=O)(=O)CC(F)(F)F,0.5,CHEMBL1630788
508,CS(=O)(=O)N1CCC(CC1)c1[nH]nc(c1-c1ccncn1)-c1ccc(Cl)cc1,0.9,CHEMBL1088914
510,Cl.O=C(Nc1ccncc1)[C@H](Cc1c[nH]c2ccccc12)NC(=O)C1CCNCC1,2.0,CHEMBL2431655
512,O=C(N[C@@H]1C[C@H]2CCN(C2)C1)c1cc2ccoc2cn1,2.0,CHEMBL403858
541,N[C@@H]1CCCN(C1)C1=NC=C(Br)C(=O)N1Cc1sccc1C#N,3.3,CHEMBL1650430
549,Cc1ccc(cc1C)-c1nc(C)c([C@H](OC(C)(C)C)C(O)=O)c(c1C)-c1ccc2OCCCc2c1C,1.1,CHEMBL3287922
572,CCc1nc(N)nc(N)c1-c1ccc2OC(C(=O)N(CCCOC)c2c1)c1cc(F)cc(F)c1,0.1,CHEMBL239746
600,CS(=O)(=O)c1cccc(Oc2cccc(c2)-n2c(Cc3ccc(F)cc3)nc3c(cccc23)C(F)(F)F)c1,0.4,CHEMBL594062
602,COc1ccc(CN2C(=O)c3cccc(N4CCN(Cc5c(F)cccc5F)CC4)c3C2=O)cc1OC,0.1,CHEMBL566364
610,Cc1nc(C(=O)Nc2ccnc(Cl)c2)c(C)n1-c1ccc(F)cc1,3.8,CHEMBL2346735
617,Cc1ccc(Oc2ccc(cc2)N(C[C@H](N2CCOCC2)C(=O)NO)S(C)(=O)=O)cc1,2.0,CHEMBL398265
620,O=S(=O)(N1CCCNCC1)c1cccc2cnccc12,1.2,CHEMBL38380
623,FC(F)(F)c1ccc(cc1S(=O)(=O)NC1CCN(CC1)C(=O)[C@H]1CCCN1)S(=O)(=O)c1ccccc1,0.3,CHEMBL495536
636,COc1ccc(CN2C(=O)c3cccc(N4CCN(Cc5ccccc5)CC4)c3C2=O)cc1OC,0.1,CHEMBL566187
648,CC[C@H]1C[C@H](CN(Cc2nc(oc2C)N2CCOCC2)C1)C(=O)NCC1CCOCC1,0.4,CHEMBL1780113
652,COc1ccc(CCN2[C@H](CN(NS(=O)(=O)Cc3ccccc3)C2=O)c2ccc(OC)cc2)cc1,0.1,CHEMBL569628
655,Clc1cc2C(=O)NC=Cc2cc1NC(=O)C1CNCCC1c1ccccc1,0.6,CHEMBL1084324
666,Cn1c(c(C2CCCCC2)c2ccc(cc12)C(=O)NC(C)(C)C(=O)Nc1ccc(cc1)-c1ccc(o1)C(N)=O)-c1ccccn1,0.3,CHEMBL1778599
681,CC(=O)NCCO\N=C\c1cc(C(=O)NOCCO)c(Nc2ccc(I)cc2F)c(F)c1F,6.0,CHEMBL1684489
683,COc1cccc2c(cn(CC3CCCCC3)c12)C(=O)N1C[C@@H]2CCCN2CC1(C)C,0.1,CHEMBL1288176
692,CC(C)c1nc(COC(N)=O)n(Cc2ccncc2)c1Sc1cc(Cl)cc(Cl)c1,0.1,CHEMBL435128
713,COc1ccccc1CNc1ncc(C(=O)NCCCCN(C)C)c(NC2CCCC2)n1,0.7,CHEMBL2312644
723,COc1ccc(cc1)[C@@]12Oc3cc(O[C@H]4COC[C@H](CO)O4)cc(OC)c3[C@]1(O)[C@H](O)[C@@H]([C@H]2c1ccccc1)C(=O)N(C)C,3.0,CHEMBL2170561
727,CS(=O)(=O)N1CCC(CC1)Oc1ccc2OC3(CCN(CC3)C3CCC3)CCc2c1,0.7,CHEMBL2013045
728,Cn1c(Nc2ccc(Br)cc2F)c(C(=O)NOC[C@H](O)CO)c2CCCC(=O)c12,1.6,CHEMBL2012898
730,Clc1ccc2c(NCCCNCc3ccccc3)ccnc2c1,1.0,CHEMBL2402786
733,CS(=O)(=O)c1ccc(cc1)-c1cccc(c1)-c1ccnc2c(cccc12)C(F)(F)F,0.5,CHEMBL1095715
758,CN(C)C(=O)N1CCC(NC(=O)c2cc3cc(Cl)ccc3[nH]2)C(C1)NC(=O)c1nc2CCN(C)Cc2s1,0.1,CHEMBL257206
765,COc1nc(nc(n1)-c1ccc(NC(=O)Nc2ccc(cc2)C(=O)NCCN2CCCCC2)cc1)N1CCOCC1,0.5,CHEMBL1808978
768,N[C@@H](Cc1ccc(Cl)cc1)C1=Nc2ccc(cc2C(=O)N1)-c1cn[nH]c1,0.8,CHEMBL2334293
772,Cc1cccc(Nc2sc(cc2C(N)=O)-c2cccc(c2)C(F)(F)F)n1,0.6,CHEMBL3234876
793,CC(C)(C)c1ccc(cc1)C(O)CCCN1CCC(CC1)C(O)(c1ccccc1)c1ccccc1,0.4,CHEMBL17157
815,Clc1ccc2cc(ccc2c1)S(=O)(=O)N[C@H]1CCCN(CC(=O)N2C[C@@H]3C[C@H](C2)C2=CC=CC(=O)N2C3)C1=O,0.0,CHEMBL1923468
824,CC(C)N\C(Nc1ccc(Cl)c(Cl)c1)=N/c1ncc[nH]1,1.0,CHEMBL1828774
838,COc1ccc2OCC(Cc2c1)C(=O)Nc1ccc(cc1OC)-c1cn[nH]c1,0.2,CHEMBL482351
855,CCS(=O)(=O)CCCn1c(CN2C(=O)N(C(F)F)c3ccncc23)nc2ccccc12,0.9,CHEMBL232604
860,N[C@@H]1CCCN(C1)C1=NC(=CC(=O)N1Cc1ccccc1C#N)c1ccccc1,2.0,CHEMBL1650412
874,COc1cc2nc(cc(N)c2c(-c2ccc(F)cc2)c1OC)N1CCCN(CC1)C(=O)N1CCOCC1,0.1,CHEMBL257557
877,Cl.Cl.CCCCc1nc2cc(\C=C\C(=O)NO)ccc2n1CCNC(C)C,1.0,CHEMBL3217189
889,O=C(Nc1ccc(cc1)-c1c[nH]cn1)C1COc2ccccc2O1,0.3,CHEMBL485214
899,CC(=O)N1CC2CC(C1)CN(C2)C(=O)CN1CCC[C@H](NS(=O)(=O)c2ccc3cc(Cl)ccc3c2)C1=O,0.0,CHEMBL1923469
907,CCN1c2ccc(cc2N(c2ccccc2)C(=O)C(c2ccc(O)c(c2)-c2cnn(C)c2)C1=O)C(F)(F)F,2.0,CHEMBL2385150
908,N[C@H]1CC[C@H](CC1)C(=O)Nc1cc2C=CNC(=O)c2cc1Cl,1.2,CHEMBL1222571
909,CC[C@@H]1C[C@H](CN(Cc2nc(oc2C)N2CCOCC2)C1)C(=O)NC[C@@H]1CCCO1,0.1,CHEMBL1780108
910,CCOc1ncc(cc1-c1ccc(OC)nc1)-c1ccc(cc1)S(C)(=O)=O,2.0,CHEMBL3125002
913,CS(=O)(=O)CCCn1c(CN2C(=O)N(C3CC3)c3ccncc23)nc2ccccc12,1.7,CHEMBL243029
922,NCc1cc(no1)-c1cccnc1,6.7,CHEMBL217125
930,CS(=O)(=O)Nc1ccc2NC(=NS(=O)(=O)c2c1)C1=C(O)C(=NN(CCC2CC2)C1=O)c1ccsc1,0.5,CHEMBL259995
946,C[C@@H]1CCN(C[C@@H]1N(C)c1ncnc2[nH]ccc12)C(=O)Nc1cc(C)ns1,0.7,CHEMBL1630789
950,Nc1ccc(Oc2ccc(cc2)S(=O)(=O)CC2CS2)cc1,1.0,CHEMBL1834422
952,Clc1ccc(CNC(=O)N2CCC(CC2)Oc2ccc(cc2)C#N)c(Cl)c1,0.6,CHEMBL589859
958,CC(C)(C)c1ccc(cc1)-c1ccnc(c1)C#N,0.4,CHEMBL2386142
961,COc1ccc(cc1)-c1ccc(cc1)[C@@]1(C[C@H](N(C1)C(=O)[C@@H](NC(=O)OC1CCCC1)C(C)(C)C)C(=O)N[C@@]1(C[C@H]1C=C)C(=O)NS(=O)(=O)C1CC1)OC,0.8,CHEMBL2403730
969,CS(=O)(=O)c1ccc(cc1)-c1cnc(N)c(c1)-c1ccc(cc1)C(F)(F)F,4.2,CHEMBL2041991
975,CNC(=O)c1cc(OC)c(O[C@@H](C)C(=O)N2CCN(C[C@H]2C)c2nccc3ccccc23)cn1,0.1,CHEMBL569621
983,CC(C)C[C@@H](N)C(=O)Nc1cc2C=CNC(=O)c2cc1Cl,0.3,CHEMBL1222413
1007,COc1ccc(cc1OC)S(=O)(=O)N[C@H]1CC[C@H](CC1)N1CCC(CC1)c1ccccc1OC1CC1,0.3,CHEMBL229085
1015,Clc1cc2C(=O)NC=Cc2cc1NC(=O)[C@@H]1CCNC1,5.0,CHEMBL1085083
1017,Clc1ccc2c(NCCCNCc3ccncc3)ccnc2c1,0.1,CHEMBL2402779
1037,OCCN(CCc1c[nH]c2ccccc12)Cc1ccc(\C=C\C(=O)NO)cc1,0.2,CHEMBL356066
1045,Cc1c(nn(C)c1-c1ccc(F)cc1)C(=O)Nc1cccc(n1)C(F)(F)F,4.5,CHEMBL2346712
1050,CC(C)S(=O)(=O)c1cccc(Oc2cccc(c2)-n2c(C)nc3c(Cl)cccc23)c1,0.5,CHEMBL596591
1062,CCS(=O)(=O)c1ccc2oc(nc2c1)-c1ccc2CCCc2c1,0.3,CHEMBL1773837
1069,C[C@@H]1CN(CCN1C(=O)C(=O)c1c[nH]c2cccnc12)C(=O)c1ccccc1,100.0,CHEMBL585487
1077,Cc1ccc(cn1)-c1c(C2CCCCC2)c2ccc(cc2n1C)C(=O)NC(C)(C)C(=O)Nc1ccc(\C=C\C(O)=O)cc1,0.6,CHEMBL1778748
1089,Fc1cc(ccc1C(=O)N[C@H](Cc1c[nH]c2ccccc12)C(=O)Nc1ccncc1)-c1ccc(c(F)c1)C(F)(F)F,0.8,CHEMBL3259947
1095,COc1cc(N2CCN(CC2)C2CCN(CC2)c2cccc3ccc(nc23)C(F)(F)F)c2ncccc2c1,0.1,CHEMBL1096540
1148,NC(=O)OC(CCN1CCN(CC1)c1ccccc1)c1ccc(Cl)cc1,0.3,CHEMBL2158798
1159,C[C@@H]1CN(CCN1S(=O)(=O)c1ccc(Br)cc1Cl)c1ccc(F)cc1C(F)(F)F,0.5,CHEMBL561251
1166,CC[C@H]1CC(O)=C(C(=O)N1Cc1ccc(F)cc1)C1=Nc2ccc(NS(C)(=O)=O)cc2S(=O)(=O)N1,1.0,CHEMBL567165
1176,Cc1ccc2c(-c3cccc4cccnc34)c([C@H](OC(C)(C)C)C(O)=O)c(C)nc2c1,5.0,CHEMBL3259905
1189,CNc1nc(N2CCCc3cc(OC)ccc23)c2ccccc2n1,0.4,CHEMBL2420868
1201,CC(C)(C)C[C@@H]1N[C@H]([C@H](c2cccc(Cl)c2F)[C@]11C(=O)Nc2cc(Cl)ccc12)C(=O)N[C@H]1C[C@@](C)(O)C1,1.0,CHEMBL2396674
1210,CS(=O)(=O)c1ccc(cc1)C(CCNC(=O)c1ccc(cc1)S(C)(=O)=O)c1ccc(F)cc1,5.0,CHEMBL562081
1223,Cc1cccc(Nc2sc(cc2C(N)=O)-c2ccc(cc2)C(F)(F)F)n1,1.0,CHEMBL3234875
1232,CC(N(C)C)C1(CCCCC1)c1ccc2ccccc2c1,0.5,CHEMBL1684055
1233,COCC[C@H](CC1(CCCC1)C(=O)NC1(CO)Cc2ccccc2C1)C(O)=O,2.0,CHEMBL225084
1245,FC(F)(F)c1cccnc1N1CCN(C(=O)C1)S(=O)(=O)c1ccc(Cl)c(Cl)c1,0.1,CHEMBL449149
1252,CC(C)Oc1nc(nc(n1)-c1ccc(NC(=O)Nc2ccc(cc2)C(=O)NCCN(C)C)cc1)N1CCOCC1,0.5,CHEMBL1808987
1265,Br.CN(C)Cc1cc-2c(NC(=O)c3cccc(O)c-23)s1,0.5,CHEMBL3219283
1282,CC(C)(C)c1ccc(NC(=O)Nc2ccc3[nH]ncc3c2)s1,0.9,CHEMBL1641798
1284,CC1=C2Cc3cc(ccc3O)C(=O)O[C@@H](CC[C@](C)(O)[C@H](Br)CC[C@]2(C)[C@@H](Br)CC1)C(C)(C)Br,14.0,CHEMBL1257967
1290,CCc1nc(N)nc(N)c1-c1ccc2OC(C)(C(=O)N(CCNC(C)=O)c2c1)C(F)(F)F,2.0,CHEMBL394016
1308,C[C@@H]1CN(CCN1C1CCC1)C(c1nnnn1Cc1ccccc1)c1ccc(F)cc1,0.1,CHEMBL1222946
1310,COc1ccc2nc(NC(=O)C(CC3CCCC3)c3ccc(cc3)S(=O)(=O)NCCC(O)=O)sc2n1,0.4,CHEMBL575057
1322,CS(=O)(=O)Nc1ccc2NC(=NS(=O)(=O)c2c1)C1=C(O)C2C3CCC(C3)C2N(Cc2ccc(F)cc2)C1=O,1.0,CHEMBL1079753
1338,Cc1ccc(NS(=O)(=O)c2ccc3NC(=O)CCc3c2)cc1C,0.1,CHEMBL1509101
1352,CN(c1ccc2NC(=NS(=O)(=O)c2c1)C1=C(O)c2cccn2N(Cc2ccc(F)cc2)C1=O)S(C)(=O)=O,1.0,CHEMBL255107
1365,[O-][N+](=O)c1cnc(NCc2ccccc2Cl)nc1NCC1CCNCC1,1.1,CHEMBL246161
1366,N[C@@H](CC(=O)N1CCC[C@H]1c1noc(n1)C1(CC1)C(F)(F)F)Cc1cc(F)c(F)cc1F,2.0,CHEMBL584692
1373,CC(Oc1cccc(Cl)c1)C(=O)Nc1cc(ccc1-n1cncn1)C(F)(F)F,0.5,CHEMBL2017962
1375,COc1cc(cc2C(=O)NC(=Nc12)C1COc2ccc(F)cc2C1)-c1cn[nH]c1,2.1,CHEMBL1684225
1378,OCCN(Cc1ccccc1)C(=O)Nc1ccc(cc1F)-c1cn[nH]c1,2.0,CHEMBL2332075
1381,Nc1ccc2[nH]c(SCc3ccccn3)nc2c1,0.2,CHEMBL2019026
1383,NC(=O)O[C@H](CCN1CCN(CC1)c1ccccc1)c1ccccc1,1.0,CHEMBL2158705
1405,CC(C)OCC1n2cncc2CN([C@@H](C)c2ccc(Cl)cc2)S1(=O)=O,0.1,CHEMBL1209694
1408,Fc1ccc(cc1)C(N1CCN(CC1)C1CCC1)c1nnnn1Cc1ccccc1,0.1,CHEMBL1222808
1419,Cc1nc(C(=O)Nc2ccc(F)cn2)c(C)n1-c1ccc(F)cc1,5.0,CHEMBL2346736
1420,OCCONC(=O)C1=C2CCCN2C(=O)C(F)=C1Nc1ccc(I)cc1F,3.3,CHEMBL2012902
1421,CC1=C2Cc3cc(ccc3O)C(=O)O[C@@H](CC[C@](C)(O)[C@H](Br)CC[C@]2(C)[C@@H](Br)CC1)C(C)(C)Br,6.6,CHEMBL1257967
1434,CC[C@@]1(CCC(C)C)CN(C2CCCC2)C(=O)C(=C1O)C1=NS(=O)(=O)c2cc(NS(C)(=O)=O)ccc2N1,1.0,CHEMBL568422
1436,CS(=O)(=O)c1cccc(OC2CCN(CC2)C(=O)NCc2ccc(Cl)cc2Cl)c1,0.3,CHEMBL592741
1449,CN(c1ccc2NC(=NS(=O)(=O)c2c1)C1=C(O)c2cccn2N(CCC(C)(C)C)C1=O)S(C)(=O)=O,0.8,CHEMBL429676
1469,OC(=O)CCC(=O)N1N=C(CC1c1ccc(Cl)cc1)C1=C(c2ccc(Cl)cc2)c2ccccc2NC1=O,1.0,CHEMBL2426097
1470,CCN(CC)C(=O)COC[C@H](C)[C@H]1CC[C@@H](C)[C@H](C1)N(C)c1ncnc2[nH]ccc12,0.1,CHEMBL1630784
1485,CC(C)CCN1[C@H]2[C@H]3CC[C@H](C3)[C@H]2C(O)=C(C1=O)C1=NS(=O)(=O)c2cc(NS(C)(=O)=O)ccc2N1,0.3,CHEMBL1079909
1486,OC(=O)C(F)(F)F.COc1ccc(cc1)-n1nc(C(N)=O)c2CCN(C(=O)c12)c1ccc(cc1)C1(CC1)N(C)CCO,0.8,CHEMBL465499
1501,COc1ccc(nn1)-c1ccc(Cl)c(c1)C(=O)NCC1(O)CCCCCC1,1.3,CHEMBL1824022
1507,Cl.Cl.C[C@@H](N)[C@H]1CC[C@@H](CC1)C(=O)Nc1ccncc1,1.5,CHEMBL1605605
1517,CC(C)CCN1N=C(C=C(C)C)C(O)=C(C1=O)C1=NS(=O)(=O)c2cc(NS(C)(=O)=O)ccc2N1,0.6,CHEMBL265924
1520,CN(C)CCN(C)C(=O)c1ccc(NC(=O)Nc2ccc(cc2)-c2nc(O[C@H]3CCOC3)nc(n2)N2CCOCC2)cc1,0.5,CHEMBL1808977
1521,Cn1c(c(C2CCCCC2)c2ccc(cc12)C(=O)NC(C)(C)C(=O)Nc1ccc(CCC(O)=O)cc1)-c1ccccn1,1.1,CHEMBL1778497
1525,[O-][N+](=O)c1ccc(o1)C1=NOC(C1)c1ccc(cc1)N1CCOCC1=O,10.0,CHEMBL2147100
1531,Cc1cc(Nc2ccc(C)c(F)c2)n2ncnc2n1,0.6,CHEMBL492719
1533,CC(C)(CO)c1ccc(cc1)-c1ccc(cn1)C#N,3.4,CHEMBL2386146
1534,COC(=O)N1CCN(CC(=O)c2ccc(OCCCN3CCC[C@H]3C)cc2)CC1,0.7,CHEMBL2036653
1557,CC(C)CN1N=C(c2cccs2)C(O)=C(C1=O)C1=NS(=O)(=O)c2cc(NS(C)(=O)=O)ccc2N1,1.0,CHEMBL255239
1558,C[C@@H]1CN(CCN1S(=O)(=O)c1ccc(OC(F)F)cc1Cl)c1ccc(F)cc1C(F)(F)F,0.5,CHEMBL550554
1570,O.Cl.C[C@@H]1CN[C@@H](C2CC2)C(=O)N(C)[C@H](C)C(=O)N[C@H](Cc2ccc(F)cc2)C(=O)NCCCc2ccccc2O1,19.0,CHEMBL1923502
1574,Cc1cnc2Nc3ccc(OCCN4CCCC4)c(COC\C=C\CCOc4cc(ccn4)-c1n2)c3,1.0,CHEMBL2035053
1585,CC(C)(C)CCN1N=C(C2=CCCC2)C(O)=C(C1=O)C1=NS(=O)(=O)c2cc(NS(C)(=O)=O)ccc2N1,0.4,CHEMBL256945
1586,COc1ccc2NC(=NS(=O)(=O)c2c1)C1=C(O)C(=NN(CCC(C)C)C1=O)c1cccs1,0.2,CHEMBL257261
1608,O=C(N1CCC(CC1)n1cnc2cnc3[nH]ccc3c12)c1ccccc1,1.4,CHEMBL2152395
1616,N[C@@H](CC(=O)N1CCC[C@H]1c1nc(no1)-c1ncc(F)cc1F)Cc1cc(F)c(F)cc1F,2.0,CHEMBL566829
1620,O=C1CCCN1c1ccc(cc1)C(N1CCCN(CC1)C1CCC1)c1nnnn1Cc1ccccc1,0.6,CHEMBL1223514
1629,NC(=O)[C@H](Cc1ccccc1)NC(=O)[C@@H]1NCC[C@@H]1c1ccccc1,1.7,CHEMBL2397488
1639,CS(=O)(=O)c1ccc(CNC(=O)c2ccc(OCC(F)(F)F)nc2)c(Cl)c1,1.6,CHEMBL2069642
1641,Nc1ncc(cc1-c1ccc(cc1)C(F)(F)F)-c1ccc(cc1)C(=O)N1CCNCC1,2.0,CHEMBL2181298
1644,Cc1c(nn(C)c1-c1ccc(F)cc1)C(=O)Nc1ccc(Cl)cn1,5.0,CHEMBL2346716
1648,CC(C)(C)[C@H](NC(=O)OC1CCCC1)C(=O)N1C[C@@H](C[C@H]1C(=O)N[C@@]1(C[C@H]1C=C)C(=O)NS(=O)(=O)C1CC1)n1cnc(c1)-c1ccccc1,3.7,CHEMBL2401760
1653,CCc1nc2cc(Cl)ccn2c1C(=O)NCc1ccc(cc1)N1CCN(C)CC1,1.9,CHEMBL3298440
1654,C[C@H]([C@H](NC(=O)[C@@H](N)Cc1ccccc1)C(N)=O)c1ccccc1,0.6,CHEMBL2397490
1657,COc1ccc(cn1)-c1c(C2CCCC2)c2ccc(cc2n1C)C(=O)NC1(CCC1)C(=O)Nc1ccc(\C=C\C(O)=O)cc1,1.6,CHEMBL2181641
1662,CC(C)N1C(\N=C(\NC(=O)C(C)(C)C)Nc2ccc(Cl)c(Cl)c2)=NC(=O)C1=O,1.0,CHEMBL392292
1665,CCc1nc(N)nc(N)c1-c1ccc2OC(C)(C(=O)N(CCCCO)c2c1)c1cc(F)cc(F)c1,0.2,CHEMBL429459
1666,Cn1c(Nc2ccc(cc2F)C#C)c(C(=O)NOCCO)c2CCC(=O)c12,1.8,CHEMBL2012901
1667,CN(C)C(=O)[C@@H](NC(=O)N1C(=O)N(CCN2CCOCC2)c2ccccc12)C(C)(C)C,0.1,CHEMBL522675
1669,CCc1nc2ccc(Cl)cn2c1C(=O)NCc1ccc(cc1)-c1ccccc1,0.4,CHEMBL3297981
1675,O=C(Nc1ccc(cc1)-c1ccncc1)C1COc2ccccc2O1,0.1,CHEMBL485213
1683,Cc1noc(n1)-c1ccc2n(CC(F)COc3cc(F)cc(F)c3)c3CCCCc3c2c1,1.1,CHEMBL2179515
1703,Cl.COc1cccc2c(cn(CC3CCCCC3)c12)C(=O)N1C[C@H]2CCCN2C[C@@H]1C,0.1,CHEMBL1288144
1736,Fc1cccc(c1)-c1ccc(C(=O)N[C@@H](Cc2c[nH]c3ccccc23)C(=O)Nc2ccncc2)c(F)c1,0.3,CHEMBL2431546
1742,CN(C)CC1(CCCCC1)c1ccc(F)c(Cl)c1,0.3,CHEMBL1683889
1745,CCN1C[C@@H]2C[C@H]1CN2c1cc(F)c(c(F)c1)-c1ccnc2c(c(nn12)-c1ccncc1)-c1cccc2[nH]ncc12,0.2,CHEMBL1276193
1756,Fc1ccc(COc2ccc(cc2C(F)(F)F)-c2ccc(C(=O)N[C@H](Cc3c[nH]c4ccccc34)C(=O)Nc3ccncc3)c(F)c2)cc1,0.5,CHEMBL3259950
1771,Cc1noc(n1)[C@@H]1C[C@H](CN(Cc2nc(oc2C)-c2ccccc2)C1)C(=O)NC[C@@H]1CCCO1,0.1,CHEMBL1780103
1774,FC(F)(F)C1(CC1)c1ccc(cc1)-c1ccnc(c1)C#N,1.1,CHEMBL2386143
1777,COC1=C(C(=N)N2C=CC=CC2=N1)S(=O)(=O)c1ccccc1,0.2,CHEMBL3113359
1784,CC1=CC(=O)Oc2c1ccc1OC(C)(C)[C@H](OC(=O)C34CCC(C)(C(=O)O3)C4(C)C)[C@H](OC(=O)C34CCC(C)(C(=O)O3)C4(C)C)c21,0.1,CHEMBL431573
1785,Fc1cccc(N2CCC(CC2)C(=O)Nc2ccc3OCC(=O)Nc3c2)c1Br,0.3,CHEMBL464384
1788,Oc1nc(SCc2ccccc2Cl)nc(-c2ccccc2)c1C#N,3.3,CHEMBL1911584
1791,CS(=O)(=O)c1ccc(cc1)C(=O)NCCC(c1ccc(F)cc1)c1ccc(F)cc1,0.8,CHEMBL551338
1793,CC(C)OC(=O)Nc1ccc2c(c1)sc1cc(ccc21)S(=O)(=O)N[C@@H](C(C)C)C(O)=O,0.5,CHEMBL559583
1802,Cc1ccc(cc1C)-c1nc(C)c([C@H](OC(C)(C)C)C(O)=O)c(c1C)-c1ccc2OCCCc2c1,0.6,CHEMBL3287915
1809,COc1nc(nc(n1)-c1ccc(NC(=O)Nc2ccc(cc2)C(=O)N(C)CCN(C)C)cc1)N1CCOCC1,0.5,CHEMBL1808979
1812,CC(C)CCN1N=C(c2cccs2)C(O)=C(C1=O)C1=NS(=O)(=O)c2cc(NS(=O)(=O)CCN)ccc2N1,1.0,CHEMBL256949
1826,Oc1nc(SCc2cccnc2C#N)c2COCCc2c1C#N,0.1,CHEMBL1911701
1829,Cc1cc(C)c2c(N)c(sc2n1)C(N)=O,1.3,CHEMBL377085
1839,O=C(Cc1ccccc1)N[C@@H](Cc1c[nH]c2ccccc12)C(=O)Nc1ccncc1,0.1,CHEMBL2431643
1845,O=C(NC[C@@H]1CC[C@H](CCOc2ccccc2)CC1)c1cc[nH]n1,0.6,CHEMBL249909
1865,CN(C)C(=O)c1ccc2OCC(Cc2c1)C(=O)Nc1ccc(cc1)-c1cn[nH]c1,1.2,CHEMBL482310
1875,CSCCNC(=O)Cn1cc(CN2CCN(CC2)c2cc(C(=O)Nc3ccc4CCc5c(nn(c5-c4c3)-c3ccc(F)cc3)C(N)=O)c(Cl)cn2)cn1,0.1,CHEMBL1669604
1910,FC(F)(F)c1ccc(Oc2cccc(C=C3CCN(CC3)C(=O)Nc3cccnn3)c2)nc1,1.8,CHEMBL1651534
1915,CC(C)[C@@]1(CC[C@H](C1)NC1CCOCC1)C(=O)N1C[C@@H]2C[C@H]1CN2C(=O)C(C)(C)C,2.0,CHEMBL1684688
1923,C[C@@H]1CN(CCN1S(=O)(=O)c1ccc(cc1Cl)N1CCC(CC1)C(N)=O)c1ccc(F)cc1C(F)(F)F,0.5,CHEMBL550356
1938,C\C=C\[C@H]1CN([C@@H](CC(C)C)C(=O)N1)C(=O)c1cc(on1)-c1ccc(F)cc1,0.3,CHEMBL3120414
1939,C[C@@H]1CCN(C[C@@H]1N(C)c1ncnc2[nH]ccc12)C(=O)CC(F)(F)F,1.0,CHEMBL1630801
1949,OC(=O)CC1CCc2c1[nH]c1ccc(cc21)-c1noc(n1)-c1cc(OC(F)(F)F)cc(c1)C#N,1.0,CHEMBL2048287
1953,CCCCNC(=O)c1ccc(NC(=O)Nc2ccc(cc2)-c2nc(N3CCOCC3)c3nnn(CC)c3n2)cc1,0.5,CHEMBL589412
1959,CCc1nc(N)nc(N)c1-c1ccc2O[C@@H](C)CN(CCCOC)c2c1,0.5,CHEMBL239319
1962,CC1=NN(C(=O)C=C1c1ccc(OC2CCN(CC2)C2CCC2)cc1)c1ccccn1,0.7,CHEMBL1945848
1965,CN1CCN(CC1)C(=O)c1cc2cc(Cl)ccc2[nH]1,0.5,CHEMBL129198
1967,O=C(N[C@@H](C1CCCC1)c1cn(nn1)C1(CC1)C#N)c1ccsc1,0.7,CHEMBL2207572
1980,CCc1nc2cc(Cl)ccn2c1C(=O)NCc1ccc(cc1)N1CCCCCC1,0.0,CHEMBL3298437
1982,COc1ccccc1CNc1ncc(C(=O)NC2CCN(C)CC2)c(NC2CCCC2)n1,0.6,CHEMBL2312645
1984,CCC(C)(C)CCN1N=C(c2cccs2)C(O)=C(C2=CS(=O)(=O)c3cc(NS(C)(=O)=O)ccc3N2)C1=O,0.5,CHEMBL457175
1992,COC(=O)N1CCC(CC1)n1ncc2c(nc(nc12)-c1ccc(NC(=O)Nc2ccc(CCO)cc2)cc1)N1CCOCC1,0.0,CHEMBL1098245
1995,COC(=O)Nc1ccc2c(c1)oc1cc(ccc21)S(=O)(=O)N[C@H](C(C)C)C(O)=O,0.5,CHEMBL550562
1999,CCNC(=O)[C@@H]1C[C@H](CN1C(=O)c1coc2ccccc12)NC(=O)c1cc(CC)nn1C,0.5,CHEMBL3125272
2020,Cc1ccc(cc1)-c1nc(C)c([C@H](OC(C)(C)C)C(O)=O)c(c1C)-c1ccc2OCCCc2c1,0.7,CHEMBL3287913
2036,C(COc1ccc(cc1)-c1cc2ccccn2c1)CN1CCCCC1,0.2,CHEMBL52160
2040,CCCC[C@]1(C)CN(C2CCC2)C(=O)C(=C1O)C1=NS(=O)(=O)c2cc(NS(C)(=O)=O)ccc2N1,1.0,CHEMBL569436
2042,CNc1nc(NCCCN(C)C)c2sc(cc2n1)-c1cccc2cnccc12,0.4,CHEMBL3120294
2050,CS(=O)(=O)Nc1ccc2NC(=NS(=O)(=O)c2c1)C1=C(O)[C@@H]2C3CCC(CC3)[C@@H]2N(Cc2cccs2)C1=O,0.8,CHEMBL1079952
2054,CCCC(=O)c1cc(C#N)c(nc1C)N1CCC(CC1)C(=O)NS(=O)(=O)Cc1ccccc1,1.9,CHEMBL3288134
2063,Cc1nc(C(=O)N2CCC[C@H]([C@H]2CNC(=O)c2cccc3cccnc23)C(F)(F)F)c(s1)-c1ccccc1,3.0,CHEMBL2031487
2069,CN(C1CCCCC1(C)C)c1ncnc2[nH]ccc12,0.1,CHEMBL1630778
2091,COc1ccccc1CNC(=O)c1c[nH]c2cc(ccc12)-c1cn[nH]c1,0.3,CHEMBL1923169
2096,CS(=O)(=O)c1cccc(c1)-c1cc(ncn1)N1CC(N)C(C1)c1cc(F)c(F)cc1F,3.0,CHEMBL428223
2123,CNC(=O)c1ccc(cc1)-c1cc(cnc1N)-c1ccc(cc1)S(C)(=O)=O,5.8,CHEMBL2042002
2137,Cc1ccc2OCC(Cc2c1)c1nc2ccc(cc2o1)-c1ccnc(N)n1,0.4,CHEMBL462193
2140,Fc1ccc(F)c(c1)C(=O)N[C@@H](Cc1c[nH]c2ccccc12)C(=O)Nc1ccncc1,0.1,CHEMBL2431630
2157,Cc1ccc(c(C)c1)S(=O)(=O)N1CCC(CC1)C(=O)Nc1ccc2cc(ccc2c1)C(O)=O,0.6,CHEMBL2313183
2166,Oc1cccc(c1)C(=O)c1ccc(s1)-c1ccc(O)c(Cl)c1,1.4,CHEMBL1277801
2178,COc1ccc2CN[C@H](Cc2c1)C(=O)Nc1ccc(cc1SCCC(=O)N(C)C)-c1cn[nH]c1,0.1,CHEMBL1215452
2207,CC(C)[C@@H]1N(Cc2ccccc2)C(=O)C(=C1O)C1=NS(=O)(=O)c2c1cccc2OCc1ncon1,1.0,CHEMBL471361
2209,COc1cc(N2CCN(CC2)C2CCN(CC2)c2ccc(F)c3cccnc23)c2ncccc2c1,0.1,CHEMBL1096476
2213,COc1ccc(cn1)-c1cc(cnc1N)-c1ccc(cc1)S(=O)(=O)N1CCN(C)CC1,0.8,CHEMBL2181497
2220,Cc1cc(Nc2ccc(cc2)C(F)(F)F)n2ncnc2n1,3.8,CHEMBL492529
2224,CCc1nc2ccc(Cl)cn2c1C(=O)NCc1ccc(cc1)N1CCC(CC1)c1ccc(Cl)cc1,1.0,CHEMBL3298908
2228,CN[C@H]1CCc2ccccc2[C@H]1c1ccc(Cl)c(Cl)c1,0.9,CHEMBL1642917
2234,CCCn1cc(cn1)-c1cc(cc(OC)c1O)C1C(=O)N(CC)c2ccc(cc2N(c2ccccc2)C1=O)C(F)(F)F,1.4,CHEMBL2385153
2241,Fc1ccc(nc1CN1CCCCC1)-c1ccc(CN2CC(=O)N(CC3CC3)C2=O)cc1,0.3,CHEMBL1835133
2249,CC(=O)N1CCC(CC1)c1[nH]nc(c1-c1ccncn1)-c1ccc(Cl)cc1,1.7,CHEMBL1089173
2255,O=C(Nc1cccc2ccccc12)N1C(=O)N(CCN2CCOCC2)c2ccccc12,0.2,CHEMBL494787
2264,Fc1ccc(cc1)C(=O)N[C@@H](C1CCCCC1)c1cn(nn1)C1(CC1)C#N,0.3,CHEMBL2207157
2265,CC(C)N(C(=O)[C@H]1CC[C@H](C)CC1)c1ccc(Oc2ncccc2C(F)(F)F)cc1C(O)=O,1.1,CHEMBL2403320
2275,COc1ccc(cc1OC)C(=O)NCc1cccc(c1)C(=O)Nc1ccc2CCNCc2c1,2.4,CHEMBL604087
2288,CC(C)CCN1N=C(N(C)C(C)(C)C)C(O)=C(C2=NS(=O)(=O)c3cc(NS(C)(=O)=O)ccc3N2)C1=O,0.1,CHEMBL476967
2324,CC1(CC1)c1ccc(cc1)-c1ccc(cn1)C#N,0.6,CHEMBL2386152
2342,O=C(NC[C@@H]1CC[C@H](CCOc2ccccc2)CC1)c1cn[nH]c1,0.7,CHEMBL249093
2353,CN1C\C=C\CCOc2cccc(c2)-c2ccnc(Nc3ccc(N4CCOCC4)c(C1)c3)n2,0.3,CHEMBL1945569
2366,C[C@@H]1CN(CCN1S(=O)(=O)c1ccc(cc1Cl)N1CCNCC1=O)c1ccc(F)cc1C(F)(F)F,0.3,CHEMBL564733
2368,COc1ccccc1-c1ccc(cc1)[C@@]1(C[C@H](N(C1)C(=O)[C@@H](NC(=O)OC1CCCC1)C(C)(C)C)C(=O)N[C@@]1(C[C@H]1C=C)C(=O)NS(=O)(=O)C1CC1)OC,0.7,CHEMBL2403728
2406,Cc1cnc2c(cccc2c1-c1cccc(Oc2ccc(cc2)S(C)(=O)=O)c1)C(F)(F)F,0.5,CHEMBL593884
2408,NC(C(=O)N1CCN(CC1)c1ccc2[nH]ncc2c1)c1ccc(Br)cc1,0.2,CHEMBL240867
2414,C(N1CCC(CC1)n1nnc2cnc3[nH]ccc3c12)c1ccccc1,0.5,CHEMBL2392487
2436,NC(=O)COc1ccc2NC(=NS(=O)(=O)c2c1)C1=C(O)C(=NN(CC2CCCCC2)C1=O)c1cccs1,1.0,CHEMBL252597
2437,COCCN1N=C(c2cccs2)C(O)=C(C1=O)C1=NS(=O)(=O)c2cc(NS(C)(=O)=O)ccc2N1,1.0,CHEMBL261697
2448,Clc1ccc(CC(=O)Nc2ccc(cc2)S(=O)(=O)Nc2ccon2)cc1Cl,5.5,CHEMBL3108858
2474,CN(Cc1cccn1C)C(=O)C12CC3CC(CC(C3)C1)C2,1.0,CHEMBL2159084
2485,CC(C)CCN1N=C(CC2CCC2)C(O)=C(C1=O)C1=NS(=O)(=O)c2cc(NS(C)(=O)=O)ccc2N1,0.4,CHEMBL259335
2486,C[C@H](Cc1cccc(F)c1)Oc1nc(ncc1F)N1CCNC[C@H]1C,1.5,CHEMBL494948
2489,NC(C(=O)Nc1ccc(cc1)-c1cn[nH]c1)c1ccc(Cl)cc1,1.4,CHEMBL1215022
2499,CN1N=C(C=CC1=O)c1ccc(cc1)C(=O)N1CCC[C@H]1CN1CCCC1,0.7,CHEMBL1823410
2501,CCCN(CCCNc1ccnc2cc(Cl)ccc12)CC1CC1,1.8,CHEMBL1087469
2524,N[C@@H]1CCCN(C1)C1=Nc2cccc(F)c2C(=O)N1Cc1ccccc1C#N,2.1,CHEMBL227464
2530,Clc1ccc(cc1Cl)C1(CNC2CC2)CCCCC1,0.5,CHEMBL1683873
2546,[2H]C([2H])([2H])N(C[C@H]1CCCC[C@]1(O)c1cccc(OC)c1)C([2H])([2H])[2H],9.1,CHEMBL438627
2578,Br.CN1C(=N)N(CCOc2ccc(Cl)cc2)c2ccccc12,1.0,CHEMBL3235767
2584,NC1CN(CC1c1ccc(Cl)cc1Cl)c1cc(ncn1)-c1ccsc1,3.0,CHEMBL392432
2591,Cc1nc(c(s1)C(=O)N1CCCCC1CNc1ccc(cn1)C(F)(F)F)-c1ccccc1,3.0,CHEMBL2031483
2597,Cn1cc(\C=C2/C(=O)NN=C2c2nccs2)c2c(OCc3cccc(F)c3F)cccc12,0.2,CHEMBL1922986
2612,Cc1c(nn(C)c1-c1ccc(F)cc1)C(=O)Nc1ccnc(F)c1,5.0,CHEMBL2346720
2645,C[C@@H]1CN(CCN1S(=O)(=O)c1ccc(cc1Cl)N1CCNC(=O)C1)c1ccc(F)cc1C(F)(F)F,0.5,CHEMBL561782
2651,Cc1cc2nc(NCCCO)n(CC(=O)c3cc(c(O)c(c3)C(C)(C)C)C(C)(C)C)c2cc1C,5.5,CHEMBL374350
2652,CS(=O)(=O)Nc1ccc2NC(=NS(=O)(=O)c2c1)C1=C(O)C2CCCC2N(Cc2cccc(F)c2)C1=O,0.8,CHEMBL478046
2666,Fc1ccc(cc1F)-c1ccc(C(=O)N[C@H](Cc2c[nH]c3ccccc23)C(=O)Nc2ccncc2)c(F)c1,0.3,CHEMBL3259946
2675,CS(=O)(=O)Nc1ccc2NC(=NS(=O)(=O)c2c1)C1=C(O)C[C@@H](N(Cc2ccc(F)cc2)C1=O)c1ccccc1,1.0,CHEMBL585891
2693,CCC(C)(C)c1nn(CCO)c2c1N=C(CNC2=O)c1ccc(cc1)-n1ccnc1C,0.1,CHEMBL2387140
2700,CS(=O)(=O)c1ccc(cc1)-c1cnc(N)c(c1)-c1ccc(F)nc1,4.1,CHEMBL2041979
2704,NC(=N)NOCCNC(=O)CN1C(Cl)=CN=C(NCC(F)(F)c2ccccc2)C1=O,0.3,CHEMBL1088332
2727,Cc1c2CCCN3C[C@@H](F)C[C@@H]3CNc3cc(ccc3C(N)=O)-n2c2CC(C)(C)CC(=O)c12,0.1,CHEMBL1779539
2735,CCN1CCC(CC1)NC(=O)c1nc(N2CCN(CC2)c2ncccn2)c2nccn2c1C,2.0,CHEMBL385142
2737,CSC1=C(C(=N)N2C=CC=CC2=N1)S(=O)(=O)c1ccccc1,0.1,CHEMBL355905
2745,CC(=O)Nc1cccc(c1)N1CCN(CCCCNS(=O)(=O)c2ccc(C)cc2)CC1,0.7,CHEMBL210537
2757,Cc1cccc(c1)S(=O)(=O)N1Cc2ccc(\C=C\C(=O)NO)cc2C1,0.3,CHEMBL1808636
2760,Cn1c(c(C2CCCCC2)c2ccc(cc12)C(=O)NC(C)(C)C(=O)Nc1ccc(NC(=O)C(N)=O)cc1)-c1ccccn1,0.4,CHEMBL1778499
2763,CN(C)CCOc1cc(ccc1NC(=O)C1COc2ccccc2O1)-c1cn[nH]c1,0.6,CHEMBL521179
2771,Cn1ccc(n1)-c1ccc(Cl)c(c1)C(=O)NCC1(O)CCCCCC1,0.1,CHEMBL1824024
2793,OC(=O)C(F)(F)F.COc1ccc(cc1)-n1nc(C#N)c2CCN(C(=O)c12)c1ccc(cc1)C1(CN2CCCC2)CC1,3.3,CHEMBL446752
2799,Cl.Cc1cc(NCCN2CCOCC2)c2ccc3c(ccc4c(NCCN5CCOCC5)cc(C)nc34)c2n1,1.0,CHEMBL1773073
2815,CC(C)c1ccc(cc1)-c1ccc(cn1)C#N,0.1,CHEMBL2386150
2819,Fc1cc(F)c(CN2C=NC(=O)c3cc(Oc4ncccc4C(F)(F)F)ccc23)c(F)c1,2.0,CHEMBL2403341
2821,CC(C)(C)CCN1N=C(CC2CCCC2)C(O)=C(C1=O)C1=NS(=O)(=O)c2cc(NS(C)(=O)=O)ccc2N1,0.1,CHEMBL256946
2822,CCc1n[nH]c(CC)c1Oc1cc(C)cc(c1)C#N,0.6,CHEMBL576256
2845,Cn1c(c(C2CCCCC2)c2ccc(cc12)C(=O)NC1(CCC1)C(=O)Nc1ccc(\C=C\C(O)=O)cc1)-c1ccccn1,0.8,CHEMBL1778482
2846,O=C(NCCCN1CCCC1=O)c1cnc(NCc2ccccc2)nc1NC1CCCC1,0.2,CHEMBL2312293
2851,COc1ccc(cn1)-c1cc(cnc1N)-c1ccc(cc1C(F)(F)F)S(C)(=O)=O,4.2,CHEMBL2181500
2857,Oc1c(F)cc(cc1F)C(=O)NC[C@H]1CC[C@@H](COc2ccccc2)CC1,0.2,CHEMBL447482
2860,COc1ccc(cn1)-c1cc(cnc1N)-c1ccc(cc1)S(=O)(=O)N(C)C,0.3,CHEMBL2181492
2871,Cc1ccc(CN2C=NC(=O)c3cc(Oc4ncccc4C(F)(F)F)ccc23)c(F)c1,0.8,CHEMBL2403338
2878,Cc1cc(ccc1O)-c1ccc(s1)C(=O)c1cccc(O)c1,1.7,CHEMBL1277708
2879,N[C@@H]1CCCN(C1)C1=NC=C(c2cc[nH]c2)C(=O)N1Cc1ccccc1C#N,1.0,CHEMBL1650420
2883,CCCN(CCCNc1ccnc2cc(Cl)ccc12)Cc1ccc(C)o1,0.6,CHEMBL210188
2899,CC(C)CCN1N=C(C(O)=C(C2=CS(=O)(=O)c3cc(NS(C)(=O)=O)ccc3N2)C1=O)c1ccccc1,0.6,CHEMBL456132
2900,CNCC1(CCCCC1)c1ccc(F)c(F)c1,3.5,CHEMBL1683892
2913,Fc1cc(ccc1C(=O)N[C@@H](Cc1c[nH]c2ccccc12)C(=O)Nc1ccncc1)-c1cccc(Cl)c1,0.3,CHEMBL2431623
2924,CC(C)CCN1N=C(N(C)C(C)C)C(O)=C(C2=NS(=O)(=O)c3cc(NS(C)(=O)=O)ccc3N2)C1=O,0.1,CHEMBL477798
2957,Nc1ncccc1-c1nc2cccnc2n1-c1ccc(CC(=O)Nc2ccccc2)cc1,0.8,CHEMBL2177818
2970,CS(=O)(=O)Nc1ccc2NC(=NS(=O)(=O)c2c1)C1=C(O)[C@@H]2[C@@H]3CC[C@@H](C3)[C@@H]2N(CC2CCCC2)C1=O,0.3,CHEMBL1081530
2975,Cl.COc1ccc(F)cc1-c1ccc2NC(C)(C)C=C(C(C)OCC=C)c2c1,0.1,CHEMBL537887
2984,N[C@@H]1CCCN(C1)C1=NC=CC(=O)N1Cc1ccccc1C#N,3.3,CHEMBL1650403
3001,N[C@@H]1CCCN(C1)C1=NC=C(C#C)C(=O)N1Cc1ccccc1C#N,3.3,CHEMBL1650422
3007,CNc1nc(NCCCN(C)C)c2sc(cc2n1)-c1ccc(cc1)C(F)(F)F,2.1,CHEMBL3120274
3009,Oc1ccc(nc1)[C@@]1(O)CC[C@@H](CC1)NC(=O)CCc1ccccc1,1.0,CHEMBL237751
3012,ONC(=O)CCCCCNC(=O)NC(=O)c1ccccc1,1.0,CHEMBL1083439
3013,CN1CCN(CC1)S(=O)(=O)c1cccc(\C=C\c2c(C)ncc(C#N)c2Nc2ccc3[nH]ccc3c2C)c1,0.5,CHEMBL1080995
3025,CN1CCN(CC1)c1cc(Cl)c(cc1[N+]([O-])=O)C(=O)Nc1cccc(c1)-c1nc2ccccc2s1,3.3,CHEMBL2324281
3026,COCN1N=CC(=CC1=O)c1ccc(OCCCN2CCC[C@H]2C)cc1,0.7,CHEMBL2037608
3032,CCc1nc(C)n(CC)c1Oc1cc(cc(c1)C#N)C#N,1.7,CHEMBL3218665
3035,CCc1nc(N)nc(N)c1-c1ccc2OC(C(=O)N(CCCOC)c2c1)c1ccccc1,0.2,CHEMBL430372
3048,CC(=O)c1c(Cl)c(C(=O)NOCCO)c(Nc2ccc(I)cc2F)n1C,0.1,CHEMBL1169999
3053,COc1ccc(CCNC2=NC=C(C)N(CC(=O)NCCONC(N)=N)C2=O)cc1OC,0.2,CHEMBL1086402
3066,CC1(CCN(Cc2cncnc2)CC1)n1cnc2cnc3[nH]ccc3c12,1.6,CHEMBL2152408
3081,COc1ccc(CN(C)C)c(c1)-c1cc2c(Nc3ccc4[nH]ccc4c3C)c(cnc2s1)C#N,0.2,CHEMBL479835
3091,CNC(=O)c1cc(N)c(Nc2ccc(cc2)C#N)cc1Oc1c(C)cc(CCC#N)cc1C,0.9,CHEMBL2165297
3120,Cn1nnc2cc(ccc12)C(N1CCCN(CC1)C1CCC1)c1nnnn1Cc1ccccc1,0.5,CHEMBL1222729
3131,CC(C)N(C(=O)[C@H]1CC[C@H](C)CC1)c1ccc(Oc2ncccc2C(F)(F)F)cc1C(O)=O,1.1,CHEMBL2403320
3138,OC(=O)CC1CCn2c1cc1cc(ccc21)-c1noc(n1)-c1cc(OC(F)(F)F)cc(c1)C#N,1.0,CHEMBL2048293
3141,CC(C)CCN1N=C(c2cccs2)C(O)=C(C2=NS(=O)(=O)c3cc(ccc3N2)C2CCCS2(=O)=O)C1=O,0.4,CHEMBL254164
3144,Cc1cc(Cl)cc2cc([nH]c12)C(=O)N1CCNCC1,1.5,CHEMBL2047451
3155,Nc1ccc(cn1)C(=O)NCCC(c1ccccc1)c1ccccc1,0.6,CHEMBL568773
3167,CC(C)(C)c1cc(NC(=O)N2CCCN(CC2)C(=O)N2CCOCC2)no1,1.0,CHEMBL1762428
3185,Fc1ccccc1-c1nc(COc2ccc3CCC(N4CCN(CC4)C4CCCC4)c3c2)no1,0.2,CHEMBL393168
3203,CN(C)CCNC(=O)c1ccc2OCC(Cc2c1)C1=Nc2ccc(cc2C(=O)N1)-c1cn[nH]c1,0.5,CHEMBL1684206
3212,CC(C)CC1n2cncc2CN(Cc2ccc(Cl)cc2)S1(=O)=O,0.1,CHEMBL1209553
3218,N[C@@H]1CCCN(C1)C1=Nc2c(Cl)cc(Cl)cc2C(=O)N1Cc1ccccc1C#N,1.1,CHEMBL390529
3221,CC(C)n1ccnc1\N=C(/N)Nc1ccc(Cl)c(Cl)c1,1.0,CHEMBL1828769
3230,CCOC(=O)CCn1cc(CN2CCN(CC2)c2cc(C(=O)Nc3ccc4CCc5c(nn(c5-c4c3)-c3ccc(F)cc3)C(N)=O)c(Cl)cn2)cn1,0.1,CHEMBL1669598
3232,C1C(N2CCC(CC2)c2c[nH]c3ncccc23)c2cccc3cccc1c23,0.3,CHEMBL379297
3242,CC(C)(C)c1ccc(cc1)C(O)CCCN1CCC(CC1)C(O)(c1ccccc1)c1ccccc1,0.4,CHEMBL17157
3244,CCc1nn(CCO)c(CC)c1Oc1cc(Cl)cc(Cl)c1,1.5,CHEMBL565317
3259,Clc1ccc(C[C@]23CNC[C@H]2CCCC3)cc1Cl,5.0,CHEMBL1813489
3269,CCN1CCN(CC1)c1ccc(NC(=O)c2ccc(cc2)-c2ccccn2)cc1,1.0,CHEMBL2407256
3299,C1CN(CCO1)[C@H]1CC[C@@H](CC1)n1cnc2cnc3[nH]ccc3c12,6.8,CHEMBL2152416
3300,Cc1c(nn(C)c1-c1cc(F)cc(F)c1)C(=O)Nc1cccc(C)n1,0.5,CHEMBL2349539
3301,O=C(N[C@@H](C1CCS(=O)(=O)CC1)c1cn(nn1)C1(CC1)C#N)c1ccsc1,1.3,CHEMBL2207582
3308,O=C(N[C@@H](C1CCCCC1)c1cn(nn1)C1(CC1)C#N)c1cc2ccccc2o1,0.3,CHEMBL2207170
3312,CCOc1ccc2[nH]c(SCc3ccccn3)nc2c1,0.3,CHEMBL2019023
3329,Cl.FC(F)(F)c1ccc(cc1)-c1cc(NCCN2CCCCC2)n2c3ccccc3nc2c1C#N,0.6,CHEMBL1800631
3330,COc1ccc2nc(SCc3ccc4ccccc4c3)[nH]c2c1,0.2,CHEMBL502335
3344,CN(C)C[C@H]1CCCC[C@]1(O)c1cccc(O)c1,47.0,CHEMBL1400
3352,CS(=O)(=O)c1ccc(cc1)-c1cnc(N)c(c1)-c1ccc(nc1)C(F)(F)F,8.3,CHEMBL2041980
3385,Cc1cc(ccc1-c1ccc(F)cc1F)S(=O)(=O)Nc1cccc(CO)c1,0.5,CHEMBL2322461
3405,CC(=O)c1cc(C(=O)N2CC(O)C2)c(Nc2ccc(I)cc2F)n1C,0.3,CHEMBL1170191
3420,OC1=C(N(CC(=O)c2ccccc2)S(=O)(=O)c2ccccc12)C(=O)c1ccccc1,1.3,CHEMBL600686
3436,C[C@@H]1CN(CCN1S(=O)(=O)c1ccc(OC(F)(F)F)cc1)c1ccc(F)cc1C(F)(F)F,0.5,CHEMBL560652
3438,CC1=CC(=O)Oc2c1cc(O)c1OC(C)(C)[C@H](OC(=O)C34CCC(C)(C(=O)O3)C4(C)C)[C@H](OC(=O)C34CCC(C)(C(=O)O3)C4(C)C)c21,0.1,CHEMBL392194
3442,CC(C)OC(=O)C1=CN(CC(C)(C)c2c1[nH]c1ccccc21)C(=O)c1cccc(CN2CCN(C)CC2)c1,0.2,CHEMBL601434
3465,CS(=O)(=O)Nc1ccc(cc1)C(=O)N[C@@H](C1CCCCC1)c1cn(nn1)C1(CC1)C#N,1.5,CHEMBL2207593
3473,Cl.FC(F)(F)c1ccc(cc1)-c1cc(NCCCN2CCOCC2)n2c3ccccc3nc2c1C#N,0.2,CHEMBL1800081
3490,COC12CC3CC(C1)C(CC(O)=O)(C(C3)C2)c1ccc(F)cc1,0.1,CHEMBL1911399
3511,Oc1ccc(cc1)C(=O)NC[C@H]1CC[C@@H](COc2ccccc2)CC1,0.0,CHEMBL249291
3512,O=C1N(Cc2nc3ccccc3n2CCCC#N)c2cnccc2N1C1CCC1,0.1,CHEMBL233893
3531,C[C@]12CC[C@H]3[C@@H](CCC4=CC(=O)CC[C@]34C)[C@@H]1CC[C@@H]2O,0.8,CHEMBL386630
3533,CN(C1CCCCCCC1)c1ncnc2[nH]ccc12,0.1,CHEMBL1630771
3566,COC(=O)[C@H](CCC(N)=O)NC(=O)CCCCCCCCNC(=O)[C@]12CC[C@@H](C(C)C)[C@@H]1[C@H]1CC[C@@H]3[C@@]4(C)CC[C@H](O)C(C)(C)[C@@H]4CC[C@@]3(C)[C@]1(C)CC2,0.5,CHEMBL2057573
3573,CNc1cc2NC(=O)CCc2cc1S(=O)(=O)Nc1ccc(C)c(C)c1,0.3,CHEMBL1939098
3585,C[C@@H]1CN(CCN1S(=O)(=O)c1ccc(s1)[C@@](C)(O)C(F)(F)F)c1ccc(cc1C(F)(F)F)C(N)=O,0.3,CHEMBL2322707
3589,O=C(N[C@@H](C1CCCCC1)c1cn(nn1)C1(CC1)C#N)c1cnco1,1.5,CHEMBL2207586
3600,OCCN1CCC(CC1)c1[nH]nc(c1-c1ccncc1)-c1ccc(Cl)cc1,0.5,CHEMBL1093456
3621,COc1ccc(F)cc1-c1ccc2NC(C)(C)C=C(CSCC=C)c2c1,0.2,CHEMBL206278
3622,C[C@H]1CN(CCO1)C1=NC(=O)NC(=C1)N(CCO)Cc1cccc2ccccc12,2.9,CHEMBL2165189
3626,CC(C)[C@@]1(CC[C@H](C1)NC1CCOCC1F)C(=O)N1C[C@@H]2C[C@H]1CN2C(=O)OC(C)(C)C,0.6,CHEMBL1684702
3662,CN(C)CCNC(=O)c1ccc(NC(=O)Nc2ccc(cc2)-c2nc(N3CCOCC3)c3ccn(CC(F)(F)F)c3n2)cc1,0.5,CHEMBL1092073
3681,O=C(NC[C@H]1CC[C@@H](COc2ccccc2)CC1)c1ccc2NC(=O)CCc2c1,0.3,CHEMBL249312
3702,CN1CCN(CC1)c1cc(nc(N)n1)-c1ccccc1,0.7,CHEMBL492884
3720,CCN1CCC2(CC1)CNC(=O)c1cc([nH]c21)-c1ccnc(n1)-c1cc2ccccc2o1,1.0,CHEMBL1779354
3746,CC(C)[C@H](NS(=O)(=O)c1ccc2c(c1)oc1cc(ccc21)N1CCOC1=O)C(O)=O,0.5,CHEMBL563177
3764,Cl.CCc1ccccc1OCCNCCCCN1C(=O)C2CCCN2C1=O,2.3,CHEMBL2431042
3769,CCN1c2ccc(cc2N(c2ccccc2)C(=O)C(c2cc(ccc2O)-c2cnn(C)c2)C1=O)C(F)(F)F,2.5,CHEMBL2385149
3770,C[C@H]1CN(C[C@@H](C)N1C1CCC1)C(c1nnnn1Cc1ccccc1)c1ccc(F)cc1,0.1,CHEMBL1222947
3779,Cc1cc(\C=C\C#N)cc(C)c1Oc1cc(Nc2ccc(cc2)C#N)c(N)cc1[N+]([O-])=O,0.8,CHEMBL1632241
3786,CC(C)CCc1cc(nc(N)n1)N1CCN(C)CC1,1.0,CHEMBL2375772
3791,COc1ccc2OCC(Cc2c1)c1nc(N(C)CCO)c2cc(ccc2n1)-c1cn[nH]c1,0.2,CHEMBL1684215
3792,COc1cccc(CN(C)C(=O)c2cn(C)c3cc(ccc23)-c2cn[nH]c2)c1,0.1,CHEMBL1922124
3803,CC(C)OC(=O)C1=CN(CC(C)(C)c2c1[nH]c1ccccc21)C(=O)c1ccc(F)c(F)c1,0.3,CHEMBL454138
3804,CCS(=O)(=O)C1=CC(=O)N(C=C1)[C@@H](CC1CCOCC1)C(=O)Nc1ccc(C)cn1,2.0,CHEMBL1783749
3805,COc1cccc(CNC(=O)c2cc3ccc(nc3[nH]2)-c2cn[nH]c2)c1,0.9,CHEMBL1922034
3806,CS(=O)(=O)Nc1ccc2NC(=NS(=O)(=O)c2c1)C1=C(O)C2CCCC2N(Cc2ccccc2)C1=O,0.8,CHEMBL478044
3815,CNCc1cnc(C)cc1Oc1ccccc1Oc1ccccc1,2.0,CHEMBL273208
3849,CN1C(=O)Nc2ccc(c(CN)c12)-c1ccccc1Cl,3.3,CHEMBL257852
3870,COc1ccc(cn1)-c1cc(cnc1NCCCCN)-c1ccc(cc1)S(C)(=O)=O,4.2,CHEMBL3124999
3874,C[C@H](CCC(=O)NCCN(C)C)[C@H]1CC[C@H]2[C@@H]3[C@@H](C[C@@H]4CC5(CC[C@]4(C)[C@H]3C[C@H](OC(C)=O)[C@]12C)OOC1(CCC(C)CC1)OO5)OC(C)=O,2.0,CHEMBL410156
3888,Clc1cc2C(=O)NC=Cc2cc1NC(=O)C1CNCC1c1cccc(Br)c1,0.7,CHEMBL1083747
3899,NCc1ccc2n(CCCCF)c(CN3C(=O)N(C4CC4)C(=O)c4ccccc34)nc2c1,1.7,CHEMBL400636
3905,Nc1nccc(n1)-c1ccc2nc(oc2c1)C1COc2ccccc2C1,0.9,CHEMBL454624
3914,CCNC(=O)N1CC(N)C(C1)c1ccc(Cl)cc1Cl,3.0,CHEMBL395687
3919,COc1nc(nc(n1)-c1ccc(NC(=O)Nc2ccc(cc2)C(=O)N2CCNC(C)(C)C2)cc1)N1CCOCC1,0.5,CHEMBL1808983
3927,CC(C)(C)c1cc(C(=O)NCCO)c(NC(=O)Nc2ccc3[nH]ncc3c2)s1,2.0,CHEMBL1641802
3937,CCCC(=O)c1cc(C#N)c(nc1C)N1CCC(CC1)C(=O)NS(=O)(=O)C1(CC1)c1ccccc1,1.9,CHEMBL3288122
3959,C[C@H]1CN(CCN1)c1ccc(c(Cl)c1)S(=O)(=O)N1CCN(C[C@H]1C)c1ccc(F)cc1C(F)(F)F,0.5,CHEMBL551453
3964,CN1C=NC2=C(C(Nc3ccc(I)cc3F)=CC(=O)N2C)C1=O,3.3,CHEMBL1684060
3966,Nc1ncnc(Nc2ccc(Cl)c(Cl)c2F)c1-c1nc(CNC(=O)C=C)co1,1.7,CHEMBL2035828
3972,Fc1cc(ccc1NC(=O)C1COc2ccccc2C1)-c1cn[nH]c1,0.7,CHEMBL519101
3978,O=C(Nc1ccc(cc1)C(=O)NCCN1CCCCC1)Nc1ccc(cc1)-c1nc(O[C@H]2CCOC2)nc(n1)N1CCOCC1,0.5,CHEMBL1808989
3988,CC(C)N1CCN(CC1)C(=O)c1ccc(CN2CCCCC2)nc1,1.7,CHEMBL1783893
3989,C[C@@H](CO)Nc1cc2NC(=O)CCc2cc1S(=O)(=O)Nc1ccc(F)c(Cl)c1,1.3,CHEMBL1939113
4000,NCc1ccc(cc1)C(=O)NC(C1=Nc2ccc(cc2C(=O)N1)-c1cn[nH]c1)c1ccc(Cl)cc1,7.0,CHEMBL2333884
4012,FC(F)(F)c1ccc(CCC(=O)N[C@@H](Cc2c[nH]c3ccccc23)C(=O)Nc2ccncc2)cc1,0.1,CHEMBL2431647
4022,CCOC(=O)Nc1ccc2c(c1)sc1cc(ccc21)S(=O)(=O)N[C@@H](C(C)C)C(O)=O,0.5,CHEMBL561715
4025,COc1ccccc1CNc1ncc(C(=O)NCCCN2CCCC2=O)c(NC2CCCC2)n1,0.2,CHEMBL2312301
4043,CCc1nn(CCO)c(CC)c1Oc1cccc(c1)C#N,0.5,CHEMBL579031
4046,CCCc1cnc2c(cccc2c1-c1cccc(c1)-c1cccc(c1)S(C)(=O)=O)C(F)(F)F,0.5,CHEMBL1096719
4048,O=C(NCCC(c1ccccc1)c1ccccc1)c1ccc(CCN2CCCC2)nc1,0.8,CHEMBL566038
4051,COCCCNc1nnc(o1)-c1ccc(F)c(F)c1Nc1ccc(I)cc1F,0.6,CHEMBL485965
4062,N[C@@H](CC(=O)N1CCC[C@H]1c1nc(no1)C1CC1)Cc1cc(F)c(F)cc1F,2.0,CHEMBL567278
4092,CS(=O)(=O)c1ccc(cc1)C(CCNC(=O)c1ccc(cc1)C#N)c1ccc(F)cc1,5.0,CHEMBL556716
4094,CCOc1ccc(Nc2nc(cs2)-c2c(C)nc3sccn23)cc1,0.2,CHEMBL3121278
4107,CCOC(=O)Nc1ccc2oc3cc(ccc3c2c1)S(=O)(=O)N[C@@H](C(C)C)C(O)=O,0.5,CHEMBL523035
4122,O=C(N[C@@H](C1CCCCC1)c1cn(nn1)C1(CC1)C#N)c1nccs1,1.5,CHEMBL2207168
4132,COc1ccc(cc1)S(=O)(=O)N1CCOc2ccccc12,0.0,CHEMBL1587877
4156,COc1ccc(Oc2cccc(c2)-c2c(C)cnc3c(cccc23)C(F)(F)F)cc1S(C)(=O)=O,0.5,CHEMBL607090
4157,CC(C)(C)C(=O)N\C(Nc1ccc(Cl)c(Cl)c1)=N\c1nccn1C(C)(C)C,1.0,CHEMBL1828785
4158,N[C@@H]1CCCN(C1)C1=Nc2cc(N3CCOCC3)c(F)cc2C(=O)N1Cc1ccccc1C#N,0.6,CHEMBL227356
4176,C[C@@H]1[C@@H]2NC[C@@H](C)C[C@H]2O[C@]11CC[C@H]2[C@@H]3CC[C@@H]4Cc5nc(C)sc5C[C@]4(C)[C@H]3CC2=C(C)C1,1.7,CHEMBL549327
4191,CCCN(CCCNc1ccnc2cc(Cl)ccc12)CC1CC1,0.8,CHEMBL1087469
4200,COc1ccncc1CNCCNc1ccnc2cc(Cl)ccc12,0.6,CHEMBL2402784
4202,NC1CN(CC1c1ccc(F)cc1Cl)c1cc(ncn1)-c1ccsc1,3.0,CHEMBL247182
4215,O=C(NCCCC(c1ccccc1)c1ccccc1)c1cccnc1,0.1,CHEMBL561479
4216,CN1C(=O)C=C(N2CCC[C@@H](N)C2)N(Cc2cc(F)ccc2C#N)C1=O,3.3,CHEMBL1650443
4220,Cc1ccc2OCC(Cc2c1)C1=Nc2ccc(cc2C(=O)N1)-c1cn[nH]c1,0.5,CHEMBL1684203
4224,CCc1nc(N)nc(N)c1-c1ccc2O[C@H](C)C(=O)N(CCCOC)c2c1,1.0,CHEMBL399200
4234,CC(C)CC(=O)N1CCC(CC1)n1cnc2cnc3[nH]ccc3c12,0.5,CHEMBL2152396
4236,CCS(=O)(=O)c1ccc(cc1)-c1cnc(N)c(n1)-c1ccc(nc1)C(F)(F)F,3.6,CHEMBL3124985
4242,CO[C@H]1C[C@@H](C)[C@@]2(O)O[C@@H]1[C@H](C[C@@H](C)C\C(C)=C\[C@@H](CC=C)C(=O)C[C@H](O)[C@@H](C)[C@H](OC(=O)[C@@H]1CCCCN1C(=O)C2=O)C(\C)=C\[C@H]1CC[C@H](O)CC1)OC,0.0,CHEMBL3133260
4252,OC(=O)\C=C\c1ccc(NC(=O)C2(CCCC2)NC(=O)c2ccc3n(C4CCCCC4)c(nc3c2)-c2ccccn2)cc1,1.1,CHEMBL1077335
4260,CC(C)[C@@]1(CC[C@H](C1)NC1CCOCC1)C(=O)N1C[C@@H]2C[C@H]1CN2C(=O)OC(C)(C)C,2.0,CHEMBL1684683
4273,CS(=O)(=O)Nc1ccc2NC(=NS(=O)(=O)c2c1)C1=C(O)C(=NN(Cc2ccc(F)cc2)C1=O)c1cccs1,1.0,CHEMBL254163
4286,Fc1cccc2[nH]cc(C(=O)C(=O)N3CCN(CC3)C(=O)c3ccccc3)c12,1.7,CHEMBL135339
4294,Cc1cccc(n1)-c1c(C2CCCCC2)c2ccc(cc2n1C)C(=O)NC(C)(C)C(=O)Nc1ccc(\C=C\C(O)=O)cc1,0.3,CHEMBL1778744
4304,[O-][N+](=O)c1ccc(o1)C1=NOC(C1)c1ccc(N2CCOCC2=O)c(F)c1,8.3,CHEMBL2147102
4307,COC(=O)Nc1ccc2c(c1)sc1cc(ccc21)S(=O)(=O)N[C@H](C(C)C)C(O)=O,0.5,CHEMBL559585
4350,CN1CCC(CC1)NC(=O)c1cnc(NCc2cc(Cl)ccc2Cl)nc1NC1CCCC1,0.2,CHEMBL2312646
4352,C[C@H](Cc1cccc(F)c1)Oc1nc(ncc1F)N1CCNC[C@H]1C,0.3,CHEMBL494948
4355,NC(C(=O)Nc1cc2C=CNC(=O)c2cc1Cl)c1ccccc1,2.0,CHEMBL1085141
4396,CC(=O)c1c(Cl)c(C(=O)NOC[C@H](O)CO)c(Nc2ccc(I)cc2F)n1C,0.9,CHEMBL1171682
4398,FC(F)(F)c1ccc(cc1S(=O)(=O)NC1CCN(CC1)C(=O)[C@@H]1CCCN1)S(=O)(=O)c1ccccc1,0.3,CHEMBL495535
4400,CC(C)N[C@@H](CN(c1ccc(Oc2ccc(C)cc2)cc1)S(C)(=O)=O)C(=O)NO,0.8,CHEMBL253032
4401,CN1CCC(CC1)c1cccc(Nc2nc3c(cccn3n2)-c2ccc(cc2)S(C)(=O)=O)c1,0.7,CHEMBL2062809
4428,CC[C@@]1(CCC(C)C)CN(C2CCCC2)C(=O)C(=C1O)C1=NS(=O)(=O)c2cc(NS(C)(=O)=O)ccc2N1,0.1,CHEMBL568422
4431,C[C@@H]1Nc2cc(ccc2C(N)=O)-n2c3CC(C)(C)CC(=O)c3c(C)c2CCCNC1=O,0.1,CHEMBL1778208
4454,COc1ccc2nc(NC(=O)C(CC3CCCC3)c3ccc(cc3)S(=O)(=O)N(C)Cc3ccco3)sc2n1,0.1,CHEMBL575055
4456,OCCCCn1c(CN2C(=O)N(C(F)F)c3ccncc23)nc2ccccc12,1.6,CHEMBL234849
4467,CS(=O)(=O)CCCn1c(CN2C(=O)N(C3CC3)c3ccncc23)nc2ccccc12,1.3,CHEMBL243029
4469,COc1cc(N2CCN(CC2)C2CCN(CC2)c2cccc3c(C)ccnc23)c2ncccc2c1,0.0,CHEMBL1094558
4475,CNc1nc(NCCCN(C)C)c2sc(cc2n1)-c1ccc(nc1)C(F)(F)F,3.0,CHEMBL3120276
4476,N[C@@H](CC(=O)N1CCC[C@H]1COc1ccc(cn1)C#N)Cc1cc(F)c(F)cc1F,0.8,CHEMBL563849
4490,Cc1c(nn(C)c1-c1ccncc1)C(=O)Nc1cccc(C)n1,0.7,CHEMBL2349545
4499,Fc1ccc(NC(=O)N2CCCC2)cc1-c1nc2cc(cnc2[nH]1)-c1ccccc1,0.5,CHEMBL3115821
4505,CNC(=O)\C=C\C=C(/C)[C@@H]1C\C=C\C=C\[C@H](O)[C@H](C)[C@@H](O)[C@@H](CCC(C)=O)C(=O)N[C@@H](C(C)C)C(=O)N[C@@H](Cc2cccc(O)c2)C(=O)N2CCCC(N2)C(=O)O1,0.6,CHEMBL3220747
4507,Fc1cccc2[nH]cc(C(=O)C(=O)N3CCN(CC3)C(=O)c3ccccc3)c12,100.0,CHEMBL135339
4508,Cc1nccn1-c1cccnc1,2.2,CHEMBL368883
4516,Cn1c(Nc2ccc(Br)cc2F)c(C(=O)NOC[C@@H](O)CO)c2CCCC(=O)c12,1.3,CHEMBL2012897
4523,CS(=O)(=O)CCO\N=C\c1cc(C(=O)NOCCO)c(Nc2ccc(I)cc2F)c(F)c1F,1.5,CHEMBL1684488
4543,Br.C1CC(CN1)c1cc2cccnc2[nH]1,2.2,CHEMBL557792
4548,O=C(Nc1ccc(cc1)C(=O)N[C@@H](C1CCCCC1)c1cn(nn1)C1(CC1)C#N)C1CC1,1.5,CHEMBL2207591
4577,CCc1nc(N)nc(N)c1-c1ccc2OC(C)(C(=O)N(CCNC(C)=O)c2c1)c1ccc(Cl)cc1,1.0,CHEMBL239074
4586,CCc1nc(N)nc(N)c1-c1ccc2OC(C)(C(=O)N(CCNC(=O)OC)c2c1)c1cc(F)cc(F)c1,1.1,CHEMBL241032
4595,CC(C)[C@@]1(CC[C@H](C1)NC1CCOCC1F)C(=O)N1C[C@@H]2C[C@H]1CN2C(=O)OC(C)C(F)(F)F,0.4,CHEMBL1684706
4596,CNC(=O)c1ccc2C(=O)N(C=Nc2c1)[C@@H](CC1CCCCC1)C(=O)Nc1ncc(Cl)s1,0.1,CHEMBL2346891
4601,Cn1c(c(C2CCCCC2)c2ccc(cc12)C(=O)NC(C)(C)C(=O)Nc1ccc(cc1)-c1ccc(o1)C(O)=O)-c1ccccn1,0.7,CHEMBL1778598
4607,CCOC(=O)C1=C(C)N\C(=C\c2cc(C)n(c2C)-c2ccc(cc2)C(F)(F)F)C1=O,7.3,CHEMBL2335990
4609,CN([C@@H]1CCN(C1)C1CCC1)C(=O)c1ccc(cc1)-n1c(C)nc2ccccc12,0.3,CHEMBL1836037
4612,N#Cc1cccc(CN[C@H]2CC[C@@H](CC2)n2cnc3cnc4[nH]ccc4c23)c1,0.8,CHEMBL2152421
4619,N[C@@H]1CCCN(C1)C1=NC=C(F)C(=O)N1Cc1ccccc1C#N,3.3,CHEMBL1650404
4624,O=C1N(CC2CC2)c2ccncc2N1Cc1nc2ccccc2n1CCCC#N,0.1,CHEMBL389156
4633,CN1CCN(CC1)C(=O)c1cc2cc(Cl)ccc2[nH]1,0.8,CHEMBL129198
4647,CN(C)CCOc1cc(ccc1NC(=O)C1COc2ccc(C)cc2C1)-c1cn[nH]c1,1.0,CHEMBL481735
4669,CS(=O)(=O)Nc1ccc2NC(=NS(=O)(=O)c2c1)C1=C(O)C2CCCC2N(CC2CCC2)C1=O,0.1,CHEMBL478049
4687,C[C@H](Cc1cccc(F)c1)Oc1nc(ncc1F)N1CCNC[C@H]1C,0.7,CHEMBL494948
4689,CS(=O)(=O)Nc1ccc2NC(=NS(=O)(=O)c2c1)C1=C(O)C2C3CCC(C3)C2N(Cc2ccc(F)cc2)C1=O,0.6,CHEMBL1079753
4699,Cc1nc(c(C)c(-c2ccc3OCCCc3c2)c1[C@H](OC(C)(C)C)C(O)=O)-c1ccccc1,0.5,CHEMBL3287912
4709,C(N[C@H]1CC[C@@H](CC1)n1cnc2cnc3[nH]ccc3c12)C1CC1,4.7,CHEMBL2152419
4710,CCC(=O)NCCCc1cc(OC)ccc1C#Cc1cccc(OC)c1,0.3,CHEMBL2326200
4716,Nc1ncnc(Nc2ccc(Oc3cccc(F)c3)c(Cl)c2)c1-c1nc(CNC(=O)C=C)co1,1.7,CHEMBL2035821
4719,CCCN(CCCNc1ccnc2cc(Cl)ccc12)Cc1ccc(C)o1,0.1,CHEMBL210188
4721,CC(C)OC(=O)C1=CN(CC(C)(C)c2c1[nH]c1ccccc21)C(=O)c1cccc(CN2CCOCC2)c1,0.1,CHEMBL604334
4727,C1C[C@H]2CNC[C@]2(C1)c1ccc2ccccc2c1,0.4,CHEMBL1813476
4730,CC(C)N1C(=O)C(=O)N=C1\N=C(/NC1C2CC3CC(C2)CC1C3)Nc1ccc(Cl)c(Cl)c1,0.1,CHEMBL1673020
4734,Cl.Fc1cc(ccc1C(=O)N[C@@H](Cc1c[nH]c2ccccc12)C(=O)Nc1ccncc1)N1CCNCC1,0.3,CHEMBL2431542
4736,CC1=CC(=CC(=O)N1[C@@H](CC1CCCCC1)C(=O)Nc1nccs1)S(=O)(=O)C1CCCC1,0.1,CHEMBL2346761
4739,CC(C)(C)[C@H](NC(=O)OC1CCCC1)C(=O)N1C[C@@H](C[C@H]1C(=O)N[C@@]1(C[C@H]1C=C)C(=O)NS(=O)(=O)C1CC1)n1cc(nn1)-c1ccccc1,1.6,CHEMBL437590
4761,N[C@@H](CC(=O)N1CCC[C@H]1CNC(=O)C1CCCC1)Cc1cc(F)c(F)cc1F,1.2,CHEMBL557723
4766,ONC(=O)\C=C\c1ccc2n(CCN3CCCC3)c(CCc3ccccc3)nc2c1,0.5,CHEMBL491316
4795,CC(C)C[C@@H]1N(C[C@@H](NC1=O)c1cnco1)C(=O)c1cc(on1)-c1ccc(F)cc1,0.7,CHEMBL3120392
4797,C[C@@H]1CCCN([C@@H]1CNc1nc2ccccc2o1)C(=O)c1nc(C)sc1-c1ccccc1,1.0,CHEMBL2031493
4800,CC(=O)NCC(=O)N1C[C@@H](C[C@H]1C(O)=O)NC(=O)c1ccccc1,0.5,CHEMBL540716
4807,CC[C@@H](CC(=O)NCC1CCCCC1)n1c(N)nc2cc(Cl)ccc12,0.1,CHEMBL1222240
4822,CC(C)N1CCN(CC1)C1CCc2ccc(OCc3noc(n3)-c3ccc(Cl)cc3)cc12,0.2,CHEMBL239596
4823,COc1ccc2[nH]c(SCc3ccc(cc3)C(O)=O)nc2c1,0.1,CHEMBL2018922
4824,C[C@@H]1CN(CCN1C(=O)C(=O)c1c[nH]c2cnccc12)C(=O)c1ccccc1,38.5,CHEMBL583867
4826,COc1cc(NC(=O)[C@H](Cc2c[nH]c3ccccc23)NC(=O)C2CCCCC2)ccn1,0.1,CHEMBL2431653
4827,Fc1ccc(cc1)C(N1C[C@@H]2CC[C@H](C1)N2C1CCC1)c1nnnn1Cc1ccccc1,0.1,CHEMBL1223009
4829,Clc1ccc(CNC(=O)C2=CNC(=O)C=C2)c(Cl)c1,1.3,CHEMBL568770
4831,CCC1=C([C@@H](NC(=O)N1)c1ccc(O)c(Cl)c1)C(=O)OCC1CCCCC1,0.6,CHEMBL2011137
4833,O=C1NCCc2[nH]c(cc12)-c1ccnc(c1)-c1cnc2ccccc2c1,0.6,CHEMBL226403
4836,CNC(=O)c1ccc(cc1)C(=O)N[C@@H](C1CCCCC1)c1cn(nn1)C1(CC1)C#N,1.5,CHEMBL2207163
4838,FC(F)(F)c1ccc(cc1S(=O)(=O)NC1CCN(CC1)C(=O)[C@H]1CCNC1)S(=O)(=O)c1ccccc1,0.5,CHEMBL592670
4864,CCC(C)(C)c1nn(CCO)c2c1N=C(CNC2=O)c1ccc(cc1)-n1cc(C)nc1C,0.1,CHEMBL2387141
4869,CC(C)CCN1N=C(C2CCCCC2)C(O)=C(C1=O)C1=NS(=O)(=O)c2cc(NS(C)(=O)=O)ccc2N1,0.1,CHEMBL265190
4871,C[C@@H]1CN(CCN1S(=O)(=O)c1nc(n(C)n1)C(C)(O)C(F)(F)F)c1ccc(F)cc1C(F)(F)F,0.2,CHEMBL2322703
4873,C(N1CCC[C@H](C1)n1nnc2cnc3[nH]ccc3c12)c1ccccc1,0.2,CHEMBL2392501
4882,CC(N)C1(CCCCC1)c1ccc2ccccc2c1,2.5,CHEMBL1684050
4887,CC(C)(C)[C@@H]1N(Cc2ccc(F)c(Cl)c2)C(=O)C(=C1O)C1=NS(=O)(=O)c2c1cccc2OCC#N,1.0,CHEMBL512483
4891,CC(C)CCN1N=C(c2cccs2)C(O)=C(C1=O)C1=NS(=O)(=O)c2cc(NS(=O)(=O)C3CC3)ccc2N1,1.0,CHEMBL257409
4910,COc1ccc2[nH]c(SCc3ccc(C)cc3)nc2c1,0.1,CHEMBL2018916
4913,COc1ccc(CCN(C)CCCC(C#N)(C(C)C)c2ccc(OC)c(OC)c2)cc1OC,0.2,CHEMBL6966
4917,CC(N(C)C)C1(CCCCC1)c1ccc2ccccc2c1,0.6,CHEMBL1684055
4937,CN(C)CC1(CCCCC1)c1cccc(Cl)c1,0.4,CHEMBL1683886
4948,[O-][N+](=O)c1ccccc1NC(=O)COc1nnnn1-c1cccc2ccccc12,0.1,CHEMBL231538
4950,COc1cc(N2CCN(CC2)C2CCN(CC2)c2cc(Br)cc3cccnc23)c2ncccc2c1,0.0,CHEMBL1096529
4959,CN1CCN(Cc2ccc(o2)-c2cccc(C#C)c2Cc2ccc3CC=Cc3c2C)CC1,0.2,CHEMBL570865
4968,CN([C@@H]1CCN(C1)C1CCC1)C(=O)c1ccc(cc1)-n1cccn1,0.5,CHEMBL1835999
4986,C[C@@H]1CN(CCN1S(=O)(=O)c1cccc(c1)-n1cncn1)c1ccc(F)cc1C(F)(F)F,0.2,CHEMBL518303
4993,CCCC[C@]1(C)CN(C2CCC2)C(=O)C(=C1O)C1=NS(=O)(=O)c2cc(NS(C)(=O)=O)ccc2N1,0.1,CHEMBL569436
5017,Cc1ccccc1-c1ccc2ncn(C)c2c1CN,3.0,CHEMBL256625
5029,Cn1c(c(C2CCCCC2)c2ccc(cc12)C(=O)NC1(CCC1)C(=O)Nc1ccc(cc1)S(N)(=O)=O)-c1ccccn1,0.3,CHEMBL1778603
5040,CC(C)(C)CCN1N2CCCC2(C)C(O)=C(C1=O)C1=NS(=O)(=O)c2cc(NS(C)(=O)=O)ccc2N1,0.1,CHEMBL497361
5042,COCCNC(=O)c1ccc2OCC(Cc2c1)c1nc(SCCN(C)C)c2cc(ccc2n1)-c1cn[nH]c1,0.2,CHEMBL1684219
5056,CCCN(CCCNc1ccnc2cc(Cl)ccc12)Cc1ccsc1,0.3,CHEMBL1087837
5061,CC(C)CCN1[C@H]2C3CCC(CC3)[C@H]2C(O)=C(C1=O)C1=NS(=O)(=O)c2cc(NS(C)(=O)=O)ccc2N1,1.0,CHEMBL1079587
5069,COC(=O)Nc1ccc2c(c1)oc1cc(ccc21)S(=O)(=O)N[C@@H](C(C)C)C(O)=O,0.5,CHEMBL493958
5070,CC[C@@H](Cn1ccc2ccccc12)NS(=O)(=O)c1c(N)cc(Cl)cc1Cl,0.1,CHEMBL3093461
5082,CC(C)C(=O)N(Cc1ccc(Cl)c(Cl)c1Cl)[C@H]1CCNC1,2.0,CHEMBL477374
5085,CS(=O)(=O)Nc1ccc2NC(=NS(=O)(=O)c2c1)C1=C(O)C(=NN(Cc2ccc(F)c(Cl)c2)C1=O)c1cccs1,1.0,CHEMBL256323
5089,CC(C)(C)CN1N=C(c2cccs2)C(O)=C(C1=O)C1=NS(=O)(=O)c2cc(OCC(N)=O)ccc2N1,0.5,CHEMBL399654
5093,CCCCCSc1nc2cc(OC)ccc2[nH]1,0.1,CHEMBL2018904
5113,FC(F)Oc1cccc(c1)C(N1CCCN(CC1)C1CCC1)c1nnnn1Cc1ccccc1,0.2,CHEMBL1223310
5117,CC(C)[C@@]1(CC[C@H](C1)NC1CCOCC1)C(=O)N1C[C@@H]2C[C@H]1CN2C(=O)C1CCOCC1,2.0,CHEMBL1684693
5133,CSC1=C(C(=N)N2C=CC=C(Cc3ccccc3)C2=N1)S(=O)(=O)c1ccccc1,0.1,CHEMBL3113560
5139,[2H]C([2H])(CC(C)C)C([2H])([2H])[C@](C)(O)[C@H]1CC[C@H]2[C@@H]3C[C@H](O)[C@H]4C[C@@H](O)CC[C@]4(C)[C@H]3CC[C@]12C,2.0,CHEMBL2086785
5157,CC(C)[C@]1(C)N(CCC(C)(C)C)C(=O)C(=C1O)C1=CS(=O)(=O)c2c1cccc2CN(C)S(C)(=O)=O,1.0,CHEMBL527873
5161,CCc1nc2ccccn2c1C(=O)NCc1ccc(cc1)-c1ccccc1,0.5,CHEMBL3298215
5171,CC(=C)[C@@H]1CC[C@@]2(CC[C@]3(C)[C@H](CC[C@@H]4[C@@]5(C)CC[C@H](OC(=O)CC(C)(C)C(O)=O)C(C)(C)[C@@H]5CC[C@@]34C)[C@@H]12)C(=O)N1CCN(CCCCC(O)=O)CC1,5.5,CHEMBL2179591
5174,CCOC(=O)c1cccc(NC(=O)Nc2ccc(cc2)-c2ccnc3[nH]cnc23)c1,0.1,CHEMBL1951332
5181,COc1ccc(CCN2[C@H](CN(NS(=O)(=O)Cc3cccnc3)C2=O)c2ccc(OC)cc2)cc1,0.1,CHEMBL568957
5192,CC[C@H]1OC(=O)[C@H](C)[C@@H](O[C@H]2C[C@@](C)(OC)[C@@H](O)[C@H](C)O2)[C@H](C)[C@@H](O[C@@H]2O[C@H](C)C[C@@H]([C@H]2O)N(C)C)[C@](C)(O)C[C@@H](C)CN(C)[C@H](C)[C@@H](O)[C@]1(C)O,2.0,CHEMBL529
5198,Fc1ccc(OC2CCN(CC2)C(=O)NCc2ccc(Cl)cc2Cl)cc1,0.6,CHEMBL590106
5204,CC(C)(C)CCN1N=C(C(O)=C(C2=NS(=O)(=O)c3cc(OCC(N)=O)ccc3N2)C1=O)C(C)(C)C,0.1,CHEMBL399450
5214,FC(F)(F)CCOc1ccc(cn1)C(=O)NCc1ccc(cc1Cl)C#N,3.1,CHEMBL567314
5226,CS(=O)(=O)Nc1ccc2NC(=NS(=O)(=O)c2c1)C1=C(O)[C@@H]2[C@H]3CC[C@H](C3)[C@@H]2N(Cc2ccccc2F)C1=O,1.0,CHEMBL1076424
5233,CS(=O)(=O)Nc1ccc2NC(=NS(=O)(=O)c2c1)C1=C(O)C2CCCC2N(CCc2ccccc2)C1=O,0.4,CHEMBL475974
5239,CN1CCN(Cc2ccc(cc2)C(=O)Nc2ccc(C)c(Nc3nccc(n3)-c3cccnc3)c2)CC1,0.3,CHEMBL941
5245,OC(=O)[C@@H](NC(=O)c1cc2ccccc2cc1NC(=O)Nc1c(Cl)cccc1Cl)C1CCCCC1,0.3,CHEMBL516945
5248,CNc1nc(NCCCN(C)C)c2sc(cc2n1)-c1ccc(cc1)N1CCOCC1,0.3,CHEMBL3120287
5261,Cc1nc2c(Cl)cccc2n1-c1cc(Oc2cc(F)cc(c2)S(C)(=O)=O)ccc1Cl,0.5,CHEMBL595455
5270,N[C@@H]1CCCN(C1)C1=NC=C(Br)C(=O)N1Cc1ccccc1C#N,3.3,CHEMBL1235761
5276,COc1cc2nc(cc(N)c2c(-c2ncco2)c1OC)N1CCCN(CC1)C(=O)N1CCOCC1,0.3,CHEMBL256951
5284,C[C@@H]1[C@@H]2NC[C@@H](C)C[C@H]2O[C@]11CC[C@H]2[C@@H]3CC[C@@H]4C[C@@H](CC[C@]4(C)[C@H]3CC2=C(C)C1)NS(C)(=O)=O,1.4,CHEMBL538867
5285,Cn1c(c(C2CCCCC2)c2ccc(cc12)C(=O)NC(C)(C)C(=O)Nc1ccc(\C=C\C(O)=O)cc1)-c1ccc(Cl)cc1,1.5,CHEMBL1778597
5286,CC(C)(C)CC1=NN(CCC2CC2)C(=O)C(=C1O)C1=NS(=O)(=O)c2cc(NS(C)(=O)=O)ccc2N1,0.2,CHEMBL401951
5291,CO[C@@H]1CC[C@]2(C)[C@H]3CC4=C(C)C[C@]5(CC[C@H]4[C@@H]3CC[C@@H]2C1)O[C@@H]1C[C@H](C)CN[C@H]1[C@H]5C,0.3,CHEMBL559431
5292,CCCCC1=NN(CCC(C)C)C(=O)C(C2=NS(=O)(=O)c3cc(OCC(N)=O)ccc3N2)=C1O,0.2,CHEMBL252010
5328,COc1ccc2CN[C@H](Cc2c1)C(=O)Nc1cc(F)c(cc1OCCN(C)C)-c1cn[nH]c1,0.8,CHEMBL1215454
5336,Cc1cccc(Nc2sc(cc2C(N)=O)-c2ccc(F)cc2)n1,0.7,CHEMBL3234881
5362,CC(C)(C)c1ccc(cc1)C(O)CCCN1CCC(CC1)C(O)(c1ccccc1)c1ccccc1,0.5,CHEMBL17157
5370,CC(C)CCN1N=C(c2cccs2)C(O)=C(C2=NS(=O)(=O)c3cc(OC(C)C(N)=O)ccc3N2)C1=O,0.2,CHEMBL403170
5374,Cn1nc(cc1NC(=O)N1CCCN(CC1)C(=O)C1CCOCC1)C(C)(C)C,1.8,CHEMBL1762302
5392,Fc1ccc(Nc2c(cnc3c(Cl)cc(NCc4cnc[nH]4)cc23)C#N)cc1Cl,0.5,CHEMBL436817
5393,Cl.Cl.CN(C)CC(C)(C)Cn1c(CCc2ccccc2)nc2cc(\C=C\C(=O)NO)ccc12,0.2,CHEMBL3216230
5400,C[C@@H]1CN(CCN1S(=O)(=O)c1ccc(s1)[C@](C)(O)C(F)(F)F)c1ccc(cc1C(F)(F)F)C(N)=O,0.2,CHEMBL2322708
5413,CCN(C(=O)CCC(=O)Nc1ccc(cc1Cl)-c1ccc(OCC(O)=O)cc1)c1ccc(cc1Cl)C(C)(C)C,0.1,CHEMBL231442
5436,Fc1ccc(-c2nnc(NCCCN3CCOCC3)o2)c(Nc2ccc(I)cc2F)c1F,0.7,CHEMBL485768
5437,CC(C)CN1C(=O)CN(Cc2ccc(cc2)-c2ccc(F)c(CN3CCCCC3)n2)C1=O,0.2,CHEMBL1835131
5474,CC1=CN=C(NCCc2ccc(cc2)C(F)(F)F)C(=O)N1CC(=O)NCCONC(N)=N,0.7,CHEMBL1083190
5478,COc1cccc(c1)[C@@H](C)NC(=O)c1c[nH]c2cc(ccc12)-c1cn[nH]c1,0.4,CHEMBL1923173
5487,CS(=O)(=O)Nc1ccc2NC(=NS(=O)(=O)c2c1)C1=C(O)C(=NN(Cc2ccsc2)C1=O)c1cccs1,1.0,CHEMBL253963
5491,CCN1CCN(CC1)S(=O)(=O)c1cnc(OCCOC)c(c1)C1=Nc2c(CC)n(CCN3CCOCC3)nc2C(=O)N1,0.8,CHEMBL1928272
5497,CCc1nc(N)nc(N)c1-c1ccc2O[C@H](C)CN(CCCOC)c2c1,0.4,CHEMBL398997
5508,CCCCCN(C1Cc2ccc(SC(C)(C)C(O)=O)cc2C1)C(=O)Nc1ccc(cc1)N(C)C,1.6,CHEMBL398722
5518,CCCN(C)C1=NN(CCC(C)C)C(=O)C(C2=NS(=O)(=O)c3cc(NS(C)(=O)=O)ccc3N2)=C1O,0.1,CHEMBL518444
5519,CC(C)(C)[C@@H]1N(Cc2ccc(F)c(Cl)c2)C(=O)C(=C1O)C1=NS(=O)(=O)c2c1cccc2OCC(N)=O,1.0,CHEMBL469687
5522,COc1ccc2N(CCCCc2c1)c1nc(C)nc2ccccc12,0.4,CHEMBL3126760
5531,CCN(C)C(=O)[C@H]1C[C@H](C1)c1ccc(CN2CCCC2)c(F)c1,2.0,CHEMBL2206291
5535,Cn1c(Nc2ccc(I)cc2F)c(C(=O)NOC[C@@H](O)CO)c2CCC(=O)c12,1.1,CHEMBL2012894
5544,OC(=O)C(F)(F)F.COc1ccc(cc1)-n1nc(C#N)c2CCN(C(=O)c12)c1ccc(cc1)C1(CN(C)C)CC1,3.0,CHEMBL518253
5547,CNc1nc(NCCCN(C)C)c2sc(cc2n1)-c1cccc(c1)C(F)(F)F,0.5,CHEMBL3120275
5555,Fc1cc(ccc1C(=O)N[C@@H](Cc1c[nH]c2ccccc12)C(=O)Nc1ccncc1)C#Cc1ccccc1,2.0,CHEMBL2431537
5564,Clc1cccc(OC(C2CCNCC2)c2cccnc2)c1Cl,2.0,CHEMBL559456
5576,Cc1noc(c1CCN1Cc2ccc(\C=C\C(=O)NO)cc2C1)-c1ccccc1,0.3,CHEMBL1808646
5581,CC[C@@H]1C[C@H](CN(Cc2nc(oc2C)-c2ccccc2)C1)C(=O)NCC1CCOCC1,0.1,CHEMBL1780084
5609,Br.CN1C(=N)N(CCOc2ccc(Cl)cc2)c2ccc(C)cc12,1.0,CHEMBL3235780
5611,CCc1nc2cc(Cl)ccn2c1C(=O)NCc1ccc(cc1)N1CC2CCCCC2C1,0.2,CHEMBL3298833
5612,Cn1nnc2ccc(-c3ccccc3Cl)c(CN)c12,0.5,CHEMBL256266
5613,NCc1ccc2OCC3(CCN(CC3)C(=O)c3ccc(o3)C#Cc3ccccc3)c2c1,1.7,CHEMBL255590
5619,Cc1c(Cl)cccc1CN([C@H]1CCNC1)C1CCOCC1,2.0,CHEMBL247341
5625,CCN1CCC(CC1)n1cnc2cnc3[nH]ccc3c12,2.5,CHEMBL2152399
5633,CC(C)N1C(=O)C(=O)N=C1\N=C(/NCC(C)(C)C)Nc1ccc(Cl)c(Cl)c1,1.0,CHEMBL1673016
5634,CCCC(=O)c1cc(C#N)c(nc1C)N1CCC(CC1)C(=O)NS(=O)(=O)Cc1ccc(C)c(F)c1,1.9,CHEMBL3288125
5636,CS(=O)(=O)Nc1ccc2NC(=CS(=O)(=O)c2c1)C1=C(O)C(=NN(Cc2ccccc2)C1=O)c1cccs1,1.0,CHEMBL455908
5641,CCC(C)(C)CN1N=C(c2cccs2)C(O)=C(C1=O)C1=NS(=O)(=O)c2cc(OCC(N)=O)ccc2N1,1.0,CHEMBL399451
5646,Cc1cnc2c(cccc2c1-c1cccc(c1)-c1ccc(F)c(c1)S(C)(=O)=O)C(F)(F)F,0.5,CHEMBL1097158
5653,CN1C\C=C\CCOc2cccc(c2)-c2ccnc(Nc3cccc(C1)c3)n2,0.8,CHEMBL1944698
5654,CS(=O)(=O)c1cccc(Oc2cccc(c2)-c2c(Cc3ccccc3)cnc3c(Cl)cccc23)c1,0.2,CHEMBL606539
5677,Nc1ncc(cc1-c1ccc(cc1)C(F)(F)F)-c1ccc(cc1)C(=O)N1CCOCC1,3.1,CHEMBL2181489
5686,CC(C)OC(=O)C1=CN(CC(C)(C)c2c1[nH]c1ccccc21)C(=O)c1cccc(OCCN(C)C)c1,0.1,CHEMBL602693
5700,NC(=O)c1nn(c-2c1CCc1ccc(NC(=O)c3cc(ncc3Cl)N3CCN(Cc4cnn(CCC#N)c4)CC3)cc-21)-c1ccc(F)cc1,0.1,CHEMBL1669573
5704,CCC1=C([C@@H](NC(=O)N1)c1cccc(O)c1)C(=O)OCC1CCCCC1,0.2,CHEMBL1957061
5719,C[C@@H]1CN(CCN1S(=O)(=O)c1cccc(c1)[C@@](O)(C(N)=O)C(F)(F)F)c1ccc(F)cc1C(F)(F)F,0.3,CHEMBL2323017
5721,CC[C@@H](Cn1cc(C#N)c2ccccc12)NS(=O)(=O)c1c(N)cc(Cl)cc1Cl,0.1,CHEMBL3093463
5751,CC(C)CN([C@H]1CCNC1)C(=O)c1cccc(Cl)c1Cl,2.0,CHEMBL1080787
5759,Clc1cccc(CN(CC2CC2)[C@H]2CCNC2)c1Cl,2.0,CHEMBL246920
5766,CCCN(CCCNc1ccnc2cc(Cl)ccc12)Cc1ccsc1,0.2,CHEMBL1087837
5768,CS(=O)(=O)c1ccc(cc1)C(CCNC(=O)c1cccnc1)c1ccc(F)cc1,0.1,CHEMBL564145
5802,O=C(Nc1ccncc1)[C@H](Cc1c[nH]c2ccccc12)NC(=O)c1cccc(c1)-c1ccccc1,0.2,CHEMBL2431543
5825,CCS(=O)(=O)c1ccc2oc(nc2c1)-c1ccc(Cl)c(Cl)c1,1.8,CHEMBL1773820
5826,Cc1nc(C(=O)Nc2cccc(C)n2)c(C)n1-c1ccc(F)c(Cl)c1,1.3,CHEMBL2346727
5835,Cn1c(-c2ccoc2)c(C2CCCCC2)c2ccc(cc12)C(=O)NC(C)(C)C(=O)Nc1ccc(\C=C\C(O)=O)cc1,0.5,CHEMBL1778587
5837,CN1CCN(CC1)c1cccc2ccc(OCc3noc(n3)-c3ccc(Cl)cc3)cc12,0.4,CHEMBL392586
5848,Cc1cnc2c(cccc2c1-c1cccc(Oc2cc(F)cc(c2)S(C)(=O)=O)c1)C(F)(F)F,0.5,CHEMBL594175
5852,FC(F)(F)CN1C(=O)CN(Cc2ccc(cc2)-c2cccc(CN3CCCCC3)n2)C1=O,1.6,CHEMBL1835128
5854,COC(=O)N[C@@H]1CC[C@H](C1)n1cnc2cnc3[nH]ccc3c12,5.8,CHEMBL2152424
5859,CS(=O)(=O)Nc1ccc2NC(=NS(=O)(=O)c2c1)C1=C(O)[C@@H]2C3CCC(CC3)[C@@H]2N(Cc2ccccc2F)C1=O,1.0,CHEMBL1076294
5874,O[Si]1(CCN(CCCC(=O)c2ccc(F)cc2)CC1)c1ccc(Cl)cc1,1.1,CHEMBL2204343
5877,O=C(CCCc1ccccc1)N[C@@H](Cc1c[nH]c2ccccc12)C(=O)Nc1ccncc1,0.1,CHEMBL2431645
5884,CC(=O)Nc1cccc(c1)N1CCN(CCCCNS(=O)(=O)CC2CCCCC2)CC1,0.5,CHEMBL209821
5893,CC(C)[C@@]1(CC[C@H](C1)NC1CCOCC1)C(=O)N1C[C@@H]2C[C@H]1CN2C(=O)C1CCCCC1,1.6,CHEMBL1684692
5898,CC(N)C1(CCCCC1)c1ccc2ccccc2c1,2.7,CHEMBL1684050
5903,O=C(NCCC(c1ccccc1)c1ccccc1)C1=CNC(=O)C=C1,1.6,CHEMBL567503
5906,CCc1nc2cc(Cl)ccn2c1C(=O)NCc1ccc(cc1)N1CCC(CC1)c1ccc(OC(F)(F)F)cc1,2.0,CHEMBL3298909
5909,CC(C)CC1n2cncc2CN(C2(CC2)c2ccc(Cl)cc2)S1(=O)=O,0.3,CHEMBL1209624
5918,CC(C)(C)CCN1[C@H](C(O)=C(C1=O)C1=NS(=O)(=O)c2c1cccc2CNS(C)(=O)=O)C(C)(C)C,1.0,CHEMBL521057
5928,CC(C)[C@@H]1N(Cc2ccccc2)C(=O)C(=C1O)C1=NS(=O)(=O)c2c1cccc2O,1.0,CHEMBL459448
5939,CCc1nc2cc(Cl)ccn2c1C(=O)NCc1ccc(cc1)N1CCN(CC1)c1ccc(OC(F)(F)F)cc1,2.0,CHEMBL3298837
5943,COc1ccc(cc1)C(Nc1ccccn1)c1ccc2cccnc2c1O,0.4,CHEMBL3112909
5949,NC(=O)c1sc2ncccc2c1N,2.4,CHEMBL207012
5960,NC(=O)COc1ccc2NC(=NS(=O)(=O)c2c1)C1=C(O)C(=NN(CC2CCCC2)C1=O)c1cccs1,0.4,CHEMBL252399
5965,C(c1ccccc1)n1nnnc1C(N1CCCN(CC1)C1CCC1)c1ccc(cc1)-n1cncn1,0.2,CHEMBL1223235
5978,CCCN1CCC(CC1)Oc1ccc2NC(=O)C3=C(CCSC3)c2c1,0.9,CHEMBL1094039
5982,CC(C)[C@H](NS(=O)(=O)c1ccc2c(c1)oc1cc(N)ccc21)C(O)=O,0.5,CHEMBL553918
5989,COc1ccc(cc1OC)C(=O)NCc1cccc(c1)C(=O)Nc1ccc(CO)cc1,0.7,CHEMBL605360
